-- phpMyAdmin SQL Dump
-- version 5.2.1
-- https://www.phpmyadmin.net/
--
-- Host: 127.0.0.1
-- Generation Time: Feb 11, 2025 at 06:19 PM
-- Server version: 10.4.32-MariaDB
-- PHP Version: 8.2.12

SET SQL_MODE = "NO_AUTO_VALUE_ON_ZERO";
START TRANSACTION;
SET time_zone = "+00:00";


/*!40101 SET @OLD_CHARACTER_SET_CLIENT=@@CHARACTER_SET_CLIENT */;
/*!40101 SET @OLD_CHARACTER_SET_RESULTS=@@CHARACTER_SET_RESULTS */;
/*!40101 SET @OLD_COLLATION_CONNECTION=@@COLLATION_CONNECTION */;
/*!40101 SET NAMES utf8mb4 */;

--
-- Database: `zoodb`
--

DELIMITER $$
--
-- Procedures
--
CREATE DEFINER=`root`@`localhost` PROCEDURE `CHECK_ANIMAL_AGE` (IN `min_age` INT)   BEGIN
    DECLARE done INT DEFAULT 0;
    DECLARE animals_id INT;
    DECLARE animal_age INT;
    DECLARE error_occurred INT DEFAULT 0;


    DECLARE cur CURSOR FOR 
    SELECT Animal_ID, TIMESTAMPDIFF(YEAR, Date_of_Birth, CURDATE()) 
    FROM animals
    WHERE TIMESTAMPDIFF(YEAR, Date_of_Birth, CURDATE()) >= min_age;



  
    DECLARE CONTINUE HANDLER FOR NOT FOUND 
    BEGIN
        SET done = 1;
    END;

   

   

  
    START TRANSACTION;

    OPEN cur;

    read_loop: LOOP
        FETCH cur INTO animals_id, animal_age;
        
        SELECT CONCAT('Processing Animal ID: ', animals_id, ', Age: ', animal_age) AS Debug_Info;
        
        IF done THEN 
            LEAVE read_loop;
        END IF;

        UPDATE animals 
        SET Needs_Checkup = 1 
        WHERE Animal_ID = animals_id;
    END LOOP;

    CLOSE cur;
    IF done THEN
        COMMIT;
    ELSE
        ROLLBACK;
    END IF;

    

END$$

--
-- Functions
--
CREATE DEFINER=`root`@`localhost` FUNCTION `get_average_age_by_species` (`species_name` VARCHAR(50)) RETURNS DECIMAL(5,2) DETERMINISTIC BEGIN
    DECLARE avg_age DECIMAL(5,2);

    SELECT AVG(TIMESTAMPDIFF(YEAR, Date_of_Birth, CURDATE())) 
    INTO avg_age 
    FROM Animals 
    WHERE Species = species_name;

    RETURN IFNULL(avg_age, 0); -- Vrátí 0, pokud druh neexistuje nebo nemá záznamy
END$$

CREATE DEFINER=`root`@`localhost` FUNCTION `get_average_animal_age` () RETURNS DECIMAL(5,2) DETERMINISTIC BEGIN
    DECLARE avg_age DECIMAL(5,2);
    SELECT AVG(TIMESTAMPDIFF(YEAR, Date_of_Birth, CURDATE())) INTO avg_age FROM Animals;
    RETURN avg_age;
END$$

DELIMITER ;

-- --------------------------------------------------------

--
-- Table structure for table `animals`
--

CREATE TABLE `animals` (
  `Animal_ID` int(11) NOT NULL,
  `Name` varchar(50) NOT NULL,
  `Species` varchar(50) NOT NULL,
  `Date_of_Birth` date NOT NULL,
  `Gender` enum('Male','Female') NOT NULL,
  `Date_Of_Arrival` date NOT NULL,
  `Needs_Checkup` tinyint(1) NOT NULL DEFAULT 0
) ENGINE=InnoDB DEFAULT CHARSET=utf8mb4 COLLATE=utf8mb4_general_ci;

--
-- Dumping data for table `animals`
--

INSERT INTO `animals` (`Animal_ID`, `Name`, `Species`, `Date_of_Birth`, `Gender`, `Date_Of_Arrival`, `Needs_Checkup`) VALUES
(1, 'Simba', 'Lion', '2015-05-15', 'Male', '2015-03-20', 1),
(2, 'Nala', 'Lion', '2016-07-21', 'Female', '2017-01-15', 1),
(3, 'Shere Khan', 'Bengal Tiger', '2014-11-09', 'Male', '2015-06-10', 1),
(4, 'Rafiki', 'Mandrill', '2013-04-17', 'Male', '2014-07-12', 1),
(5, 'Zazu', 'Hornbill', '2018-01-13', 'Male', '2019-02-19', 1),
(6, 'Dumbo', 'Elephant', '2010-09-30', 'Male', '2011-11-20', 1),
(7, 'Ella', 'Elephant', '2012-03-12', 'Female', '2012-06-22', 1),
(8, 'Mumble', 'Emperor Penguin', '2017-08-19', 'Male', '2018-01-30', 1),
(9, 'Glori', 'Hippopotamus', '2011-12-25', 'Female', '2012-03-10', 1),
(10, 'Marty', 'Zebra', '2015-10-05', 'Male', '2016-02-14', 1),
(11, 'Alex', 'Lion', '2015-08-14', 'Male', '2016-03-21', 1),
(12, 'Melman', 'Giraffe', '2012-09-12', 'Male', '2013-01-18', 1),
(13, 'King Julien', 'Ring-Tailed Lemur', '2016-06-10', 'Male', '2017-08-05', 1),
(14, 'Mort', 'Mouse Lemur', '2018-10-23', 'Male', '2019-03-15', 1),
(15, 'Gloria', 'Hippopotamus', '2017-04-01', 'Female', '2018-05-11', 1),
(16, 'Pumbaa', 'Warthog', '2013-05-15', 'Male', '2014-08-21', 1),
(17, 'Timon', 'Meerkat', '2014-11-12', 'Male', '2015-01-18', 1),
(18, 'Kaa', 'Python', '2016-03-10', 'Female', '2017-04-25', 1),
(19, 'Baloo', 'Sloth Bear', '2010-09-10', 'Male', '2011-12-01', 1),
(20, 'Bagheera', 'Black Panther', '2015-01-19', 'Female', '2016-05-14', 1),
(21, 'Rocky', 'Komodo Dragon', '2014-05-05', 'Male', '2015-06-23', 1),
(22, 'Milo', 'Capuchin Monkey', '2018-02-20', 'Male', '2019-04-01', 1),
(23, 'Ruby', 'Macaw', '2017-12-12', 'Female', '2018-03-21', 1),
(24, 'Ginger', 'Red Panda', '2016-04-22', 'Female', '2017-07-07', 1),
(25, 'Fluffy', 'Snow Leopard', '2005-11-05', 'Female', '2006-02-28', 1),
(26, 'Yuki', 'Arctic Fox', '2014-07-15', 'Male', '2015-10-10', 1),
(27, 'Kovu', 'Lion', '2018-01-25', 'Male', '2019-03-12', 1),
(28, 'Kiara', 'Lion', '2018-02-10', 'Female', '2019-03-12', 1),
(29, 'Bambi', 'Roe Deer', '2016-05-21', 'Female', '2017-01-18', 1),
(30, 'Sven', 'Reindeer', '2017-06-15', 'Male', '2018-09-04', 1),
(31, 'Bubbles', 'Orangutan', '2013-03-18', 'Female', '2014-05-13', 1),
(32, 'Koko', 'Chimpanzee', '2011-08-09', 'Female', '2012-11-24', 1),
(33, 'Nemo', 'Clownfish', '2018-08-15', 'Male', '2019-05-02', 1),
(34, 'Dory', 'Blue Tang', '2018-09-20', 'Female', '2019-06-11', 1),
(35, 'Bruce', 'Great White Shark', '2014-02-10', 'Male', '2015-03-18', 1),
(36, 'Scar', 'Lion', '2015-10-20', 'Male', '2016-01-15', 1),
(37, 'Diego', 'Siberian Tiger', '2013-01-30', 'Male', '2014-04-23', 1),
(38, 'Jumbo', 'Elephant', '2009-12-03', 'Male', '2011-05-27', 1),
(39, 'Tinkerbell', 'Fruit Bat', '2015-03-13', 'Female', '2016-07-09', 1),
(40, 'Mowgli', 'Human', '2014-04-10', 'Male', '2015-12-01', 1),
(57, 'Vale', 'Lion', '2012-01-20', 'Female', '2019-02-15', 1);

--
-- Triggers `animals`
--
DELIMITER $$
CREATE TRIGGER `log_animal_update` AFTER UPDATE ON `animals` FOR EACH ROW BEGIN
    INSERT INTO Animal_Update_Log (Animal_ID, Old_Name, New_Name, Old_Species, New_Species, Updated_By)
    VALUES (
        OLD.Animal_ID, OLD.Name, NEW.Name, OLD.Species, NEW.Species, USER()
    );
END
$$
DELIMITER ;

-- --------------------------------------------------------

--
-- Stand-in structure for view `animal_enclosure_info`
-- (See below for the actual view)
--
CREATE TABLE `animal_enclosure_info` (
`ID` int(11)
,`Animal_Name` varchar(50)
,`Species` varchar(50)
,`Name` varchar(50)
,`enclosure_type` varchar(50)
);

-- --------------------------------------------------------

--
-- Stand-in structure for view `animal_health_records`
-- (See below for the actual view)
--
CREATE TABLE `animal_health_records` (
`Record_ID` int(11)
,`Record_Date` date
,`Record_Description` text
,`Animal_Name` varchar(50)
,`Diagnosis` varchar(100)
,`Treatment` varchar(100)
,`Veterinarian_Name` varchar(50)
,`Veterinarian_Surname` varchar(50)
);

-- --------------------------------------------------------

--
-- Stand-in structure for view `animal_health_records2`
-- (See below for the actual view)
--
CREATE TABLE `animal_health_records2` (
`Record_Date` date
,`Record_Description` text
,`Animal_Name` varchar(50)
,`Diagnosis` varchar(100)
,`Treatment` varchar(100)
,`Veterinarian` varchar(101)
);

-- --------------------------------------------------------

--
-- Table structure for table `animal_update_log`
--

CREATE TABLE `animal_update_log` (
  `Log_ID` int(11) NOT NULL,
  `Animal_ID` int(11) NOT NULL,
  `Old_Name` varchar(255) DEFAULT NULL,
  `New_Name` varchar(255) DEFAULT NULL,
  `Old_Species` varchar(255) DEFAULT NULL,
  `New_Species` varchar(255) DEFAULT NULL,
  `Update_Timestamp` timestamp NOT NULL DEFAULT current_timestamp(),
  `Updated_By` varchar(255) DEFAULT NULL
) ENGINE=InnoDB DEFAULT CHARSET=utf8mb4 COLLATE=utf8mb4_general_ci;

--
-- Dumping data for table `animal_update_log`
--

INSERT INTO `animal_update_log` (`Log_ID`, `Animal_ID`, `Old_Name`, `New_Name`, `Old_Species`, `New_Species`, `Update_Timestamp`, `Updated_By`) VALUES
(1, 57, 'Valo', 'Vale', 'Lion', 'Lion', '2025-02-06 13:02:31', 'root@localhost'),
(2, 32, 'Koko', 'Koko', 'Chimpanzee', 'Chimpanzee', '2025-02-06 13:29:54', 'root@localhost'),
(3, 38, 'Jumbo', 'Jumbo', 'Elephant', 'Elephant', '2025-02-06 13:29:54', 'root@localhost'),
(4, 6, 'Dumbo', 'Dumbo', 'Elephant', 'Elephant', '2025-02-06 13:29:54', 'root@localhost'),
(5, 7, 'Ella', 'Ella', 'Elephant', 'Elephant', '2025-02-06 13:29:54', 'root@localhost'),
(6, 12, 'Melman', 'Melman', 'Giraffe', 'Giraffe', '2025-02-06 13:29:54', 'root@localhost'),
(7, 9, 'Gloria', 'Gloria', 'Hippopotamus', 'Hippopotamus', '2025-02-06 13:29:54', 'root@localhost'),
(8, 57, 'Vale', 'Vale', 'Lion', 'Lion', '2025-02-06 13:29:54', 'root@localhost'),
(9, 4, 'Rafiki', 'Rafiki', 'Mandrill', 'Mandrill', '2025-02-06 13:29:54', 'root@localhost'),
(10, 31, 'Bubbles', 'Bubbles', 'Orangutan', 'Orangutan', '2025-02-06 13:29:54', 'root@localhost'),
(11, 37, 'Diego', 'Diego', 'Siberian Tiger', 'Siberian Tiger', '2025-02-06 13:29:54', 'root@localhost'),
(12, 19, 'Baloo', 'Baloo', 'Sloth Bear', 'Sloth Bear', '2025-02-06 13:29:54', 'root@localhost'),
(13, 25, 'Fluffy', 'Fluffy', 'Snow Leopard', 'Snow Leopard', '2025-02-06 13:29:54', 'root@localhost'),
(14, 16, 'Pumbaa', 'Pumbaa', 'Warthog', 'Warthog', '2025-02-06 13:29:54', 'root@localhost'),
(15, 32, 'Koko', 'Koko', 'Chimpanzee', 'Chimpanzee', '2025-02-06 13:30:47', 'root@localhost'),
(16, 38, 'Jumbo', 'Jumbo', 'Elephant', 'Elephant', '2025-02-06 13:30:47', 'root@localhost'),
(17, 6, 'Dumbo', 'Dumbo', 'Elephant', 'Elephant', '2025-02-06 13:30:47', 'root@localhost'),
(18, 7, 'Ella', 'Ella', 'Elephant', 'Elephant', '2025-02-06 13:30:47', 'root@localhost'),
(19, 12, 'Melman', 'Melman', 'Giraffe', 'Giraffe', '2025-02-06 13:30:47', 'root@localhost'),
(20, 9, 'Gloria', 'Gloria', 'Hippopotamus', 'Hippopotamus', '2025-02-06 13:30:47', 'root@localhost'),
(21, 57, 'Vale', 'Vale', 'Lion', 'Lion', '2025-02-06 13:30:47', 'root@localhost'),
(22, 4, 'Rafiki', 'Rafiki', 'Mandrill', 'Mandrill', '2025-02-06 13:30:47', 'root@localhost'),
(23, 31, 'Bubbles', 'Bubbles', 'Orangutan', 'Orangutan', '2025-02-06 13:30:47', 'root@localhost'),
(24, 37, 'Diego', 'Diego', 'Siberian Tiger', 'Siberian Tiger', '2025-02-06 13:30:47', 'root@localhost'),
(25, 19, 'Baloo', 'Baloo', 'Sloth Bear', 'Sloth Bear', '2025-02-06 13:30:47', 'root@localhost'),
(26, 25, 'Fluffy', 'Fluffy', 'Snow Leopard', 'Snow Leopard', '2025-02-06 13:30:47', 'root@localhost'),
(27, 16, 'Pumbaa', 'Pumbaa', 'Warthog', 'Warthog', '2025-02-06 13:30:47', 'root@localhost'),
(28, 32, 'Koko', 'Koko', 'Chimpanzee', 'Chimpanzee', '2025-02-06 13:36:16', 'root@localhost'),
(29, 38, 'Jumbo', 'Jumbo', 'Elephant', 'Elephant', '2025-02-06 13:36:16', 'root@localhost'),
(30, 6, 'Dumbo', 'Dumbo', 'Elephant', 'Elephant', '2025-02-06 13:36:16', 'root@localhost'),
(31, 7, 'Ella', 'Ella', 'Elephant', 'Elephant', '2025-02-06 13:36:16', 'root@localhost'),
(32, 12, 'Melman', 'Melman', 'Giraffe', 'Giraffe', '2025-02-06 13:36:16', 'root@localhost'),
(33, 9, 'Gloria', 'Gloria', 'Hippopotamus', 'Hippopotamus', '2025-02-06 13:36:16', 'root@localhost'),
(34, 57, 'Vale', 'Vale', 'Lion', 'Lion', '2025-02-06 13:36:16', 'root@localhost'),
(35, 4, 'Rafiki', 'Rafiki', 'Mandrill', 'Mandrill', '2025-02-06 13:36:17', 'root@localhost'),
(36, 31, 'Bubbles', 'Bubbles', 'Orangutan', 'Orangutan', '2025-02-06 13:36:17', 'root@localhost'),
(37, 37, 'Diego', 'Diego', 'Siberian Tiger', 'Siberian Tiger', '2025-02-06 13:36:17', 'root@localhost'),
(38, 19, 'Baloo', 'Baloo', 'Sloth Bear', 'Sloth Bear', '2025-02-06 13:36:17', 'root@localhost'),
(39, 25, 'Fluffy', 'Fluffy', 'Snow Leopard', 'Snow Leopard', '2025-02-06 13:36:17', 'root@localhost'),
(40, 16, 'Pumbaa', 'Pumbaa', 'Warthog', 'Warthog', '2025-02-06 13:36:17', 'root@localhost'),
(41, 26, 'Yuki', 'Yuki', 'Arctic Fox', 'Arctic Fox', '2025-02-06 13:37:47', 'root@localhost'),
(42, 3, 'Shere Khan', 'Shere Khan', 'Bengal Tiger', 'Bengal Tiger', '2025-02-06 13:37:47', 'root@localhost'),
(43, 20, 'Bagheera', 'Bagheera', 'Black Panther', 'Black Panther', '2025-02-06 13:37:47', 'root@localhost'),
(44, 32, 'Koko', 'Koko', 'Chimpanzee', 'Chimpanzee', '2025-02-06 13:37:47', 'root@localhost'),
(45, 38, 'Jumbo', 'Jumbo', 'Elephant', 'Elephant', '2025-02-06 13:37:47', 'root@localhost'),
(46, 6, 'Dumbo', 'Dumbo', 'Elephant', 'Elephant', '2025-02-06 13:37:47', 'root@localhost'),
(47, 7, 'Ella', 'Ella', 'Elephant', 'Elephant', '2025-02-06 13:37:47', 'root@localhost'),
(48, 12, 'Melman', 'Melman', 'Giraffe', 'Giraffe', '2025-02-06 13:37:47', 'root@localhost'),
(49, 35, 'Bruce', 'Bruce', 'Great White Shark', 'Great White Shark', '2025-02-06 13:37:47', 'root@localhost'),
(50, 9, 'Gloria', 'Gloria', 'Hippopotamus', 'Hippopotamus', '2025-02-06 13:37:47', 'root@localhost'),
(51, 40, 'Mowgli', 'Mowgli', 'Human', 'Human', '2025-02-06 13:37:47', 'root@localhost'),
(52, 21, 'Rocky', 'Rocky', 'Komodo Dragon', 'Komodo Dragon', '2025-02-06 13:37:47', 'root@localhost'),
(53, 57, 'Vale', 'Vale', 'Lion', 'Lion', '2025-02-06 13:37:47', 'root@localhost'),
(54, 4, 'Rafiki', 'Rafiki', 'Mandrill', 'Mandrill', '2025-02-06 13:37:47', 'root@localhost'),
(55, 17, 'Timon', 'Timon', 'Meerkat', 'Meerkat', '2025-02-06 13:37:47', 'root@localhost'),
(56, 31, 'Bubbles', 'Bubbles', 'Orangutan', 'Orangutan', '2025-02-06 13:37:47', 'root@localhost'),
(57, 37, 'Diego', 'Diego', 'Siberian Tiger', 'Siberian Tiger', '2025-02-06 13:37:47', 'root@localhost'),
(58, 19, 'Baloo', 'Baloo', 'Sloth Bear', 'Sloth Bear', '2025-02-06 13:37:47', 'root@localhost'),
(59, 25, 'Fluffy', 'Fluffy', 'Snow Leopard', 'Snow Leopard', '2025-02-06 13:37:47', 'root@localhost'),
(60, 16, 'Pumbaa', 'Pumbaa', 'Warthog', 'Warthog', '2025-02-06 13:37:47', 'root@localhost'),
(61, 9, 'Gloria', 'Glori', 'Hippopotamus', 'Hippopotamus', '2025-02-06 15:55:14', 'root@localhost'),
(62, 3, 'Shere Khan', 'Shere Khan', 'Bengal Tiger', 'Bengal Tiger', '2025-02-06 16:00:28', 'root@localhost'),
(63, 4, 'Rafiki', 'Rafiki', 'Mandrill', 'Mandrill', '2025-02-06 16:00:28', 'root@localhost'),
(64, 6, 'Dumbo', 'Dumbo', 'Elephant', 'Elephant', '2025-02-06 16:00:28', 'root@localhost'),
(65, 7, 'Ella', 'Ella', 'Elephant', 'Elephant', '2025-02-06 16:00:28', 'root@localhost'),
(66, 9, 'Glori', 'Glori', 'Hippopotamus', 'Hippopotamus', '2025-02-06 16:00:28', 'root@localhost'),
(67, 12, 'Melman', 'Melman', 'Giraffe', 'Giraffe', '2025-02-06 16:00:28', 'root@localhost'),
(68, 16, 'Pumbaa', 'Pumbaa', 'Warthog', 'Warthog', '2025-02-06 16:00:28', 'root@localhost'),
(69, 17, 'Timon', 'Timon', 'Meerkat', 'Meerkat', '2025-02-06 16:00:28', 'root@localhost'),
(70, 19, 'Baloo', 'Baloo', 'Sloth Bear', 'Sloth Bear', '2025-02-06 16:00:28', 'root@localhost'),
(71, 20, 'Bagheera', 'Bagheera', 'Black Panther', 'Black Panther', '2025-02-06 16:00:28', 'root@localhost'),
(72, 21, 'Rocky', 'Rocky', 'Komodo Dragon', 'Komodo Dragon', '2025-02-06 16:00:29', 'root@localhost'),
(73, 25, 'Fluffy', 'Fluffy', 'Snow Leopard', 'Snow Leopard', '2025-02-06 16:00:29', 'root@localhost'),
(74, 26, 'Yuki', 'Yuki', 'Arctic Fox', 'Arctic Fox', '2025-02-06 16:00:29', 'root@localhost'),
(75, 31, 'Bubbles', 'Bubbles', 'Orangutan', 'Orangutan', '2025-02-06 16:00:29', 'root@localhost'),
(76, 32, 'Koko', 'Koko', 'Chimpanzee', 'Chimpanzee', '2025-02-06 16:00:29', 'root@localhost'),
(77, 35, 'Bruce', 'Bruce', 'Great White Shark', 'Great White Shark', '2025-02-06 16:00:29', 'root@localhost'),
(78, 37, 'Diego', 'Diego', 'Siberian Tiger', 'Siberian Tiger', '2025-02-06 16:00:29', 'root@localhost'),
(79, 38, 'Jumbo', 'Jumbo', 'Elephant', 'Elephant', '2025-02-06 16:00:29', 'root@localhost'),
(80, 40, 'Mowgli', 'Mowgli', 'Human', 'Human', '2025-02-06 16:00:29', 'root@localhost'),
(81, 57, 'Vale', 'Vale', 'Lion', 'Lion', '2025-02-06 16:00:29', 'root@localhost'),
(82, 11, 'Alex', 'Adam', 'Lion', 'Lion', '2025-02-06 16:08:11', 'root@localhost'),
(83, 11, 'Adam', 'Alex', 'Lion', 'Lion', '2025-02-06 16:08:33', 'root@localhost'),
(329, 57, 'Vale', 'Vale', 'Lion', 'Lion', '2025-02-06 16:25:47', 'root@localhost'),
(330, 57, 'Vale', 'Vale', 'Lion', 'Lion', '2025-02-06 16:25:47', 'root@localhost'),
(331, 57, 'Vale', 'Vale', 'Lion', 'Lion', '2025-02-06 16:25:47', 'root@localhost'),
(332, 57, 'Vale', 'Vale', 'Lion', 'Lion', '2025-02-06 16:25:48', 'root@localhost'),
(333, 57, 'Vale', 'Vale', 'Lion', 'Lion', '2025-02-06 16:25:48', 'root@localhost'),
(334, 57, 'Vale', 'Vale', 'Lion', 'Lion', '2025-02-06 16:25:48', 'root@localhost'),
(335, 57, 'Vale', 'Vale', 'Lion', 'Lion', '2025-02-06 16:25:48', 'root@localhost'),
(336, 57, 'Vale', 'Vale', 'Lion', 'Lion', '2025-02-06 16:25:48', 'root@localhost'),
(337, 57, 'Vale', 'Vale', 'Lion', 'Lion', '2025-02-06 16:25:48', 'root@localhost'),
(338, 57, 'Vale', 'Vale', 'Lion', 'Lion', '2025-02-06 16:25:48', 'root@localhost'),
(339, 57, 'Vale', 'Vale', 'Lion', 'Lion', '2025-02-06 16:25:48', 'root@localhost'),
(340, 57, 'Vale', 'Vale', 'Lion', 'Lion', '2025-02-06 16:25:48', 'root@localhost'),
(341, 57, 'Vale', 'Vale', 'Lion', 'Lion', '2025-02-06 16:25:48', 'root@localhost'),
(342, 57, 'Vale', 'Vale', 'Lion', 'Lion', '2025-02-06 16:25:48', 'root@localhost'),
(343, 57, 'Vale', 'Vale', 'Lion', 'Lion', '2025-02-06 16:25:48', 'root@localhost'),
(344, 57, 'Vale', 'Vale', 'Lion', 'Lion', '2025-02-06 16:25:48', 'root@localhost'),
(345, 57, 'Vale', 'Vale', 'Lion', 'Lion', '2025-02-06 16:25:48', 'root@localhost'),
(346, 57, 'Vale', 'Vale', 'Lion', 'Lion', '2025-02-06 16:25:48', 'root@localhost'),
(347, 57, 'Vale', 'Vale', 'Lion', 'Lion', '2025-02-06 16:25:48', 'root@localhost'),
(348, 57, 'Vale', 'Vale', 'Lion', 'Lion', '2025-02-06 16:25:48', 'root@localhost'),
(349, 57, 'Vale', 'Vale', 'Lion', 'Lion', '2025-02-06 16:25:48', 'root@localhost'),
(350, 57, 'Vale', 'Vale', 'Lion', 'Lion', '2025-02-06 16:25:48', 'root@localhost'),
(351, 57, 'Vale', 'Vale', 'Lion', 'Lion', '2025-02-06 16:25:48', 'root@localhost'),
(352, 57, 'Vale', 'Vale', 'Lion', 'Lion', '2025-02-06 16:25:49', 'root@localhost'),
(353, 57, 'Vale', 'Vale', 'Lion', 'Lion', '2025-02-06 16:25:49', 'root@localhost'),
(354, 57, 'Vale', 'Vale', 'Lion', 'Lion', '2025-02-06 16:25:49', 'root@localhost'),
(355, 57, 'Vale', 'Vale', 'Lion', 'Lion', '2025-02-06 16:25:49', 'root@localhost'),
(356, 57, 'Vale', 'Vale', 'Lion', 'Lion', '2025-02-06 16:25:49', 'root@localhost'),
(357, 57, 'Vale', 'Vale', 'Lion', 'Lion', '2025-02-06 16:25:49', 'root@localhost'),
(358, 57, 'Vale', 'Vale', 'Lion', 'Lion', '2025-02-06 16:25:49', 'root@localhost'),
(359, 57, 'Vale', 'Vale', 'Lion', 'Lion', '2025-02-06 16:25:49', 'root@localhost'),
(360, 57, 'Vale', 'Vale', 'Lion', 'Lion', '2025-02-06 16:25:49', 'root@localhost'),
(361, 57, 'Vale', 'Vale', 'Lion', 'Lion', '2025-02-06 16:25:49', 'root@localhost'),
(362, 57, 'Vale', 'Vale', 'Lion', 'Lion', '2025-02-06 16:25:49', 'root@localhost'),
(363, 57, 'Vale', 'Vale', 'Lion', 'Lion', '2025-02-06 16:25:49', 'root@localhost'),
(364, 57, 'Vale', 'Vale', 'Lion', 'Lion', '2025-02-06 16:25:49', 'root@localhost'),
(365, 57, 'Vale', 'Vale', 'Lion', 'Lion', '2025-02-06 16:25:49', 'root@localhost'),
(366, 57, 'Vale', 'Vale', 'Lion', 'Lion', '2025-02-06 16:25:49', 'root@localhost'),
(367, 57, 'Vale', 'Vale', 'Lion', 'Lion', '2025-02-06 16:25:49', 'root@localhost'),
(368, 57, 'Vale', 'Vale', 'Lion', 'Lion', '2025-02-06 16:25:49', 'root@localhost'),
(369, 57, 'Vale', 'Vale', 'Lion', 'Lion', '2025-02-06 16:25:49', 'root@localhost'),
(370, 57, 'Vale', 'Vale', 'Lion', 'Lion', '2025-02-06 16:25:50', 'root@localhost'),
(371, 57, 'Vale', 'Vale', 'Lion', 'Lion', '2025-02-06 16:25:50', 'root@localhost'),
(372, 57, 'Vale', 'Vale', 'Lion', 'Lion', '2025-02-06 16:25:50', 'root@localhost'),
(373, 57, 'Vale', 'Vale', 'Lion', 'Lion', '2025-02-06 16:25:50', 'root@localhost'),
(374, 57, 'Vale', 'Vale', 'Lion', 'Lion', '2025-02-06 16:25:50', 'root@localhost'),
(375, 57, 'Vale', 'Vale', 'Lion', 'Lion', '2025-02-06 16:25:50', 'root@localhost'),
(376, 57, 'Vale', 'Vale', 'Lion', 'Lion', '2025-02-06 16:25:50', 'root@localhost'),
(377, 57, 'Vale', 'Vale', 'Lion', 'Lion', '2025-02-06 16:25:50', 'root@localhost'),
(378, 57, 'Vale', 'Vale', 'Lion', 'Lion', '2025-02-06 16:25:50', 'root@localhost'),
(379, 57, 'Vale', 'Vale', 'Lion', 'Lion', '2025-02-06 16:25:50', 'root@localhost'),
(380, 57, 'Vale', 'Vale', 'Lion', 'Lion', '2025-02-06 16:25:50', 'root@localhost'),
(381, 57, 'Vale', 'Vale', 'Lion', 'Lion', '2025-02-06 16:25:50', 'root@localhost'),
(382, 57, 'Vale', 'Vale', 'Lion', 'Lion', '2025-02-06 16:25:50', 'root@localhost'),
(383, 57, 'Vale', 'Vale', 'Lion', 'Lion', '2025-02-06 16:25:50', 'root@localhost'),
(384, 57, 'Vale', 'Vale', 'Lion', 'Lion', '2025-02-06 16:25:50', 'root@localhost'),
(385, 57, 'Vale', 'Vale', 'Lion', 'Lion', '2025-02-06 16:25:50', 'root@localhost'),
(386, 57, 'Vale', 'Vale', 'Lion', 'Lion', '2025-02-06 16:25:50', 'root@localhost'),
(387, 57, 'Vale', 'Vale', 'Lion', 'Lion', '2025-02-06 16:25:50', 'root@localhost'),
(388, 57, 'Vale', 'Vale', 'Lion', 'Lion', '2025-02-06 16:25:50', 'root@localhost'),
(389, 57, 'Vale', 'Vale', 'Lion', 'Lion', '2025-02-06 16:25:50', 'root@localhost'),
(390, 57, 'Vale', 'Vale', 'Lion', 'Lion', '2025-02-06 16:25:50', 'root@localhost'),
(391, 57, 'Vale', 'Vale', 'Lion', 'Lion', '2025-02-06 16:25:50', 'root@localhost'),
(392, 57, 'Vale', 'Vale', 'Lion', 'Lion', '2025-02-06 16:25:51', 'root@localhost'),
(393, 57, 'Vale', 'Vale', 'Lion', 'Lion', '2025-02-06 16:25:51', 'root@localhost'),
(394, 57, 'Vale', 'Vale', 'Lion', 'Lion', '2025-02-06 16:25:51', 'root@localhost'),
(395, 57, 'Vale', 'Vale', 'Lion', 'Lion', '2025-02-06 16:25:51', 'root@localhost'),
(396, 57, 'Vale', 'Vale', 'Lion', 'Lion', '2025-02-06 16:25:51', 'root@localhost'),
(397, 57, 'Vale', 'Vale', 'Lion', 'Lion', '2025-02-06 16:25:51', 'root@localhost'),
(398, 57, 'Vale', 'Vale', 'Lion', 'Lion', '2025-02-06 16:25:51', 'root@localhost'),
(399, 57, 'Vale', 'Vale', 'Lion', 'Lion', '2025-02-06 16:25:51', 'root@localhost'),
(400, 57, 'Vale', 'Vale', 'Lion', 'Lion', '2025-02-06 16:25:51', 'root@localhost'),
(401, 57, 'Vale', 'Vale', 'Lion', 'Lion', '2025-02-06 16:25:51', 'root@localhost'),
(402, 57, 'Vale', 'Vale', 'Lion', 'Lion', '2025-02-06 16:25:51', 'root@localhost'),
(403, 57, 'Vale', 'Vale', 'Lion', 'Lion', '2025-02-06 16:25:51', 'root@localhost'),
(404, 57, 'Vale', 'Vale', 'Lion', 'Lion', '2025-02-06 16:25:51', 'root@localhost'),
(405, 57, 'Vale', 'Vale', 'Lion', 'Lion', '2025-02-06 16:25:51', 'root@localhost'),
(406, 57, 'Vale', 'Vale', 'Lion', 'Lion', '2025-02-06 16:25:51', 'root@localhost'),
(407, 57, 'Vale', 'Vale', 'Lion', 'Lion', '2025-02-06 16:25:51', 'root@localhost'),
(408, 57, 'Vale', 'Vale', 'Lion', 'Lion', '2025-02-06 16:25:51', 'root@localhost'),
(409, 57, 'Vale', 'Vale', 'Lion', 'Lion', '2025-02-06 16:25:51', 'root@localhost'),
(410, 57, 'Vale', 'Vale', 'Lion', 'Lion', '2025-02-06 16:25:51', 'root@localhost'),
(411, 57, 'Vale', 'Vale', 'Lion', 'Lion', '2025-02-06 16:25:51', 'root@localhost'),
(412, 57, 'Vale', 'Vale', 'Lion', 'Lion', '2025-02-06 16:25:51', 'root@localhost'),
(413, 57, 'Vale', 'Vale', 'Lion', 'Lion', '2025-02-06 16:25:51', 'root@localhost'),
(414, 57, 'Vale', 'Vale', 'Lion', 'Lion', '2025-02-06 16:25:51', 'root@localhost'),
(415, 57, 'Vale', 'Vale', 'Lion', 'Lion', '2025-02-06 16:25:51', 'root@localhost'),
(416, 57, 'Vale', 'Vale', 'Lion', 'Lion', '2025-02-06 16:25:51', 'root@localhost'),
(417, 57, 'Vale', 'Vale', 'Lion', 'Lion', '2025-02-06 16:25:52', 'root@localhost'),
(418, 57, 'Vale', 'Vale', 'Lion', 'Lion', '2025-02-06 16:25:52', 'root@localhost'),
(419, 57, 'Vale', 'Vale', 'Lion', 'Lion', '2025-02-06 16:25:52', 'root@localhost'),
(420, 57, 'Vale', 'Vale', 'Lion', 'Lion', '2025-02-06 16:25:52', 'root@localhost'),
(421, 57, 'Vale', 'Vale', 'Lion', 'Lion', '2025-02-06 16:25:52', 'root@localhost'),
(422, 57, 'Vale', 'Vale', 'Lion', 'Lion', '2025-02-06 16:25:52', 'root@localhost'),
(423, 57, 'Vale', 'Vale', 'Lion', 'Lion', '2025-02-06 16:25:52', 'root@localhost'),
(424, 57, 'Vale', 'Vale', 'Lion', 'Lion', '2025-02-06 16:25:52', 'root@localhost'),
(425, 57, 'Vale', 'Vale', 'Lion', 'Lion', '2025-02-06 16:25:52', 'root@localhost'),
(426, 57, 'Vale', 'Vale', 'Lion', 'Lion', '2025-02-06 16:25:52', 'root@localhost'),
(427, 57, 'Vale', 'Vale', 'Lion', 'Lion', '2025-02-06 16:25:52', 'root@localhost'),
(428, 57, 'Vale', 'Vale', 'Lion', 'Lion', '2025-02-06 16:25:52', 'root@localhost'),
(429, 57, 'Vale', 'Vale', 'Lion', 'Lion', '2025-02-06 16:25:52', 'root@localhost'),
(430, 57, 'Vale', 'Vale', 'Lion', 'Lion', '2025-02-06 16:25:52', 'root@localhost'),
(431, 57, 'Vale', 'Vale', 'Lion', 'Lion', '2025-02-06 16:25:52', 'root@localhost'),
(432, 57, 'Vale', 'Vale', 'Lion', 'Lion', '2025-02-06 16:25:52', 'root@localhost'),
(433, 57, 'Vale', 'Vale', 'Lion', 'Lion', '2025-02-06 16:25:52', 'root@localhost'),
(434, 57, 'Vale', 'Vale', 'Lion', 'Lion', '2025-02-06 16:25:52', 'root@localhost'),
(435, 57, 'Vale', 'Vale', 'Lion', 'Lion', '2025-02-06 16:25:52', 'root@localhost'),
(436, 57, 'Vale', 'Vale', 'Lion', 'Lion', '2025-02-06 16:25:52', 'root@localhost'),
(437, 57, 'Vale', 'Vale', 'Lion', 'Lion', '2025-02-06 16:25:52', 'root@localhost'),
(438, 57, 'Vale', 'Vale', 'Lion', 'Lion', '2025-02-06 16:25:52', 'root@localhost'),
(439, 57, 'Vale', 'Vale', 'Lion', 'Lion', '2025-02-06 16:25:53', 'root@localhost'),
(440, 57, 'Vale', 'Vale', 'Lion', 'Lion', '2025-02-06 16:25:53', 'root@localhost'),
(441, 57, 'Vale', 'Vale', 'Lion', 'Lion', '2025-02-06 16:25:53', 'root@localhost'),
(442, 57, 'Vale', 'Vale', 'Lion', 'Lion', '2025-02-06 16:25:53', 'root@localhost'),
(443, 57, 'Vale', 'Vale', 'Lion', 'Lion', '2025-02-06 16:25:53', 'root@localhost'),
(444, 57, 'Vale', 'Vale', 'Lion', 'Lion', '2025-02-06 16:25:53', 'root@localhost'),
(445, 57, 'Vale', 'Vale', 'Lion', 'Lion', '2025-02-06 16:25:53', 'root@localhost'),
(446, 57, 'Vale', 'Vale', 'Lion', 'Lion', '2025-02-06 16:25:53', 'root@localhost'),
(447, 57, 'Vale', 'Vale', 'Lion', 'Lion', '2025-02-06 16:25:53', 'root@localhost'),
(448, 57, 'Vale', 'Vale', 'Lion', 'Lion', '2025-02-06 16:25:53', 'root@localhost'),
(449, 57, 'Vale', 'Vale', 'Lion', 'Lion', '2025-02-06 16:25:53', 'root@localhost'),
(450, 57, 'Vale', 'Vale', 'Lion', 'Lion', '2025-02-06 16:25:53', 'root@localhost'),
(451, 57, 'Vale', 'Vale', 'Lion', 'Lion', '2025-02-06 16:25:53', 'root@localhost'),
(452, 57, 'Vale', 'Vale', 'Lion', 'Lion', '2025-02-06 16:25:53', 'root@localhost'),
(453, 57, 'Vale', 'Vale', 'Lion', 'Lion', '2025-02-06 16:25:53', 'root@localhost'),
(454, 57, 'Vale', 'Vale', 'Lion', 'Lion', '2025-02-06 16:25:53', 'root@localhost'),
(455, 57, 'Vale', 'Vale', 'Lion', 'Lion', '2025-02-06 16:25:53', 'root@localhost'),
(456, 57, 'Vale', 'Vale', 'Lion', 'Lion', '2025-02-06 16:25:53', 'root@localhost'),
(457, 57, 'Vale', 'Vale', 'Lion', 'Lion', '2025-02-06 16:25:53', 'root@localhost'),
(458, 57, 'Vale', 'Vale', 'Lion', 'Lion', '2025-02-06 16:25:53', 'root@localhost'),
(459, 57, 'Vale', 'Vale', 'Lion', 'Lion', '2025-02-06 16:25:54', 'root@localhost'),
(460, 57, 'Vale', 'Vale', 'Lion', 'Lion', '2025-02-06 16:25:54', 'root@localhost'),
(461, 57, 'Vale', 'Vale', 'Lion', 'Lion', '2025-02-06 16:25:54', 'root@localhost'),
(462, 57, 'Vale', 'Vale', 'Lion', 'Lion', '2025-02-06 16:25:54', 'root@localhost'),
(463, 57, 'Vale', 'Vale', 'Lion', 'Lion', '2025-02-06 16:25:54', 'root@localhost'),
(464, 57, 'Vale', 'Vale', 'Lion', 'Lion', '2025-02-06 16:25:54', 'root@localhost'),
(465, 57, 'Vale', 'Vale', 'Lion', 'Lion', '2025-02-06 16:25:54', 'root@localhost'),
(466, 57, 'Vale', 'Vale', 'Lion', 'Lion', '2025-02-06 16:25:54', 'root@localhost'),
(467, 57, 'Vale', 'Vale', 'Lion', 'Lion', '2025-02-06 16:25:54', 'root@localhost'),
(468, 57, 'Vale', 'Vale', 'Lion', 'Lion', '2025-02-06 16:25:54', 'root@localhost'),
(469, 57, 'Vale', 'Vale', 'Lion', 'Lion', '2025-02-06 16:25:54', 'root@localhost'),
(470, 57, 'Vale', 'Vale', 'Lion', 'Lion', '2025-02-06 16:25:54', 'root@localhost'),
(471, 57, 'Vale', 'Vale', 'Lion', 'Lion', '2025-02-06 16:25:54', 'root@localhost'),
(472, 57, 'Vale', 'Vale', 'Lion', 'Lion', '2025-02-06 16:25:54', 'root@localhost'),
(473, 57, 'Vale', 'Vale', 'Lion', 'Lion', '2025-02-06 16:25:54', 'root@localhost'),
(474, 57, 'Vale', 'Vale', 'Lion', 'Lion', '2025-02-06 16:25:54', 'root@localhost'),
(475, 57, 'Vale', 'Vale', 'Lion', 'Lion', '2025-02-06 16:25:54', 'root@localhost'),
(476, 57, 'Vale', 'Vale', 'Lion', 'Lion', '2025-02-06 16:25:54', 'root@localhost'),
(477, 57, 'Vale', 'Vale', 'Lion', 'Lion', '2025-02-06 16:25:54', 'root@localhost'),
(478, 57, 'Vale', 'Vale', 'Lion', 'Lion', '2025-02-06 16:25:54', 'root@localhost'),
(479, 57, 'Vale', 'Vale', 'Lion', 'Lion', '2025-02-06 16:25:54', 'root@localhost'),
(480, 57, 'Vale', 'Vale', 'Lion', 'Lion', '2025-02-06 16:25:54', 'root@localhost'),
(481, 57, 'Vale', 'Vale', 'Lion', 'Lion', '2025-02-06 16:25:55', 'root@localhost'),
(482, 57, 'Vale', 'Vale', 'Lion', 'Lion', '2025-02-06 16:25:55', 'root@localhost'),
(483, 57, 'Vale', 'Vale', 'Lion', 'Lion', '2025-02-06 16:25:55', 'root@localhost'),
(484, 57, 'Vale', 'Vale', 'Lion', 'Lion', '2025-02-06 16:25:55', 'root@localhost'),
(485, 57, 'Vale', 'Vale', 'Lion', 'Lion', '2025-02-06 16:25:55', 'root@localhost'),
(486, 57, 'Vale', 'Vale', 'Lion', 'Lion', '2025-02-06 16:25:55', 'root@localhost'),
(487, 57, 'Vale', 'Vale', 'Lion', 'Lion', '2025-02-06 16:25:55', 'root@localhost'),
(488, 57, 'Vale', 'Vale', 'Lion', 'Lion', '2025-02-06 16:25:55', 'root@localhost'),
(489, 57, 'Vale', 'Vale', 'Lion', 'Lion', '2025-02-06 16:25:55', 'root@localhost'),
(490, 57, 'Vale', 'Vale', 'Lion', 'Lion', '2025-02-06 16:25:55', 'root@localhost'),
(491, 57, 'Vale', 'Vale', 'Lion', 'Lion', '2025-02-06 16:25:55', 'root@localhost'),
(492, 57, 'Vale', 'Vale', 'Lion', 'Lion', '2025-02-06 16:25:55', 'root@localhost'),
(493, 57, 'Vale', 'Vale', 'Lion', 'Lion', '2025-02-06 16:25:55', 'root@localhost'),
(494, 57, 'Vale', 'Vale', 'Lion', 'Lion', '2025-02-06 16:25:55', 'root@localhost'),
(495, 57, 'Vale', 'Vale', 'Lion', 'Lion', '2025-02-06 16:25:55', 'root@localhost'),
(496, 57, 'Vale', 'Vale', 'Lion', 'Lion', '2025-02-06 16:25:55', 'root@localhost'),
(497, 57, 'Vale', 'Vale', 'Lion', 'Lion', '2025-02-06 16:25:55', 'root@localhost'),
(498, 57, 'Vale', 'Vale', 'Lion', 'Lion', '2025-02-06 16:25:55', 'root@localhost'),
(499, 57, 'Vale', 'Vale', 'Lion', 'Lion', '2025-02-06 16:25:55', 'root@localhost'),
(500, 57, 'Vale', 'Vale', 'Lion', 'Lion', '2025-02-06 16:25:55', 'root@localhost'),
(501, 57, 'Vale', 'Vale', 'Lion', 'Lion', '2025-02-06 16:25:55', 'root@localhost'),
(502, 57, 'Vale', 'Vale', 'Lion', 'Lion', '2025-02-06 16:25:56', 'root@localhost'),
(503, 57, 'Vale', 'Vale', 'Lion', 'Lion', '2025-02-06 16:25:56', 'root@localhost'),
(504, 57, 'Vale', 'Vale', 'Lion', 'Lion', '2025-02-06 16:25:56', 'root@localhost'),
(505, 57, 'Vale', 'Vale', 'Lion', 'Lion', '2025-02-06 16:25:56', 'root@localhost'),
(506, 57, 'Vale', 'Vale', 'Lion', 'Lion', '2025-02-06 16:25:56', 'root@localhost'),
(507, 57, 'Vale', 'Vale', 'Lion', 'Lion', '2025-02-06 16:25:56', 'root@localhost'),
(508, 57, 'Vale', 'Vale', 'Lion', 'Lion', '2025-02-06 16:25:56', 'root@localhost'),
(509, 57, 'Vale', 'Vale', 'Lion', 'Lion', '2025-02-06 16:25:56', 'root@localhost'),
(510, 57, 'Vale', 'Vale', 'Lion', 'Lion', '2025-02-06 16:25:56', 'root@localhost'),
(511, 57, 'Vale', 'Vale', 'Lion', 'Lion', '2025-02-06 16:25:56', 'root@localhost'),
(512, 57, 'Vale', 'Vale', 'Lion', 'Lion', '2025-02-06 16:25:56', 'root@localhost'),
(513, 57, 'Vale', 'Vale', 'Lion', 'Lion', '2025-02-06 16:25:56', 'root@localhost'),
(514, 57, 'Vale', 'Vale', 'Lion', 'Lion', '2025-02-06 16:25:56', 'root@localhost'),
(515, 57, 'Vale', 'Vale', 'Lion', 'Lion', '2025-02-06 16:25:56', 'root@localhost'),
(516, 57, 'Vale', 'Vale', 'Lion', 'Lion', '2025-02-06 16:25:56', 'root@localhost'),
(517, 57, 'Vale', 'Vale', 'Lion', 'Lion', '2025-02-06 16:25:56', 'root@localhost'),
(518, 57, 'Vale', 'Vale', 'Lion', 'Lion', '2025-02-06 16:25:56', 'root@localhost'),
(519, 57, 'Vale', 'Vale', 'Lion', 'Lion', '2025-02-06 16:25:56', 'root@localhost'),
(520, 57, 'Vale', 'Vale', 'Lion', 'Lion', '2025-02-06 16:25:56', 'root@localhost'),
(521, 57, 'Vale', 'Vale', 'Lion', 'Lion', '2025-02-06 16:25:56', 'root@localhost'),
(522, 57, 'Vale', 'Vale', 'Lion', 'Lion', '2025-02-06 16:25:56', 'root@localhost'),
(523, 57, 'Vale', 'Vale', 'Lion', 'Lion', '2025-02-06 16:25:56', 'root@localhost'),
(524, 57, 'Vale', 'Vale', 'Lion', 'Lion', '2025-02-06 16:25:56', 'root@localhost'),
(525, 57, 'Vale', 'Vale', 'Lion', 'Lion', '2025-02-06 16:25:56', 'root@localhost'),
(526, 57, 'Vale', 'Vale', 'Lion', 'Lion', '2025-02-06 16:25:56', 'root@localhost'),
(527, 57, 'Vale', 'Vale', 'Lion', 'Lion', '2025-02-06 16:25:56', 'root@localhost'),
(528, 57, 'Vale', 'Vale', 'Lion', 'Lion', '2025-02-06 16:25:56', 'root@localhost'),
(529, 57, 'Vale', 'Vale', 'Lion', 'Lion', '2025-02-06 16:25:57', 'root@localhost'),
(530, 57, 'Vale', 'Vale', 'Lion', 'Lion', '2025-02-06 16:25:57', 'root@localhost'),
(531, 57, 'Vale', 'Vale', 'Lion', 'Lion', '2025-02-06 16:25:57', 'root@localhost'),
(532, 57, 'Vale', 'Vale', 'Lion', 'Lion', '2025-02-06 16:25:57', 'root@localhost'),
(533, 57, 'Vale', 'Vale', 'Lion', 'Lion', '2025-02-06 16:25:57', 'root@localhost'),
(534, 57, 'Vale', 'Vale', 'Lion', 'Lion', '2025-02-06 16:25:57', 'root@localhost'),
(535, 57, 'Vale', 'Vale', 'Lion', 'Lion', '2025-02-06 16:25:57', 'root@localhost'),
(536, 57, 'Vale', 'Vale', 'Lion', 'Lion', '2025-02-06 16:25:57', 'root@localhost'),
(537, 57, 'Vale', 'Vale', 'Lion', 'Lion', '2025-02-06 16:25:57', 'root@localhost'),
(538, 57, 'Vale', 'Vale', 'Lion', 'Lion', '2025-02-06 16:25:57', 'root@localhost'),
(539, 57, 'Vale', 'Vale', 'Lion', 'Lion', '2025-02-06 16:25:57', 'root@localhost'),
(540, 57, 'Vale', 'Vale', 'Lion', 'Lion', '2025-02-06 16:25:57', 'root@localhost'),
(541, 57, 'Vale', 'Vale', 'Lion', 'Lion', '2025-02-06 16:25:57', 'root@localhost'),
(542, 57, 'Vale', 'Vale', 'Lion', 'Lion', '2025-02-06 16:25:57', 'root@localhost'),
(543, 57, 'Vale', 'Vale', 'Lion', 'Lion', '2025-02-06 16:25:57', 'root@localhost'),
(544, 57, 'Vale', 'Vale', 'Lion', 'Lion', '2025-02-06 16:25:57', 'root@localhost'),
(545, 57, 'Vale', 'Vale', 'Lion', 'Lion', '2025-02-06 16:25:57', 'root@localhost'),
(546, 57, 'Vale', 'Vale', 'Lion', 'Lion', '2025-02-06 16:25:57', 'root@localhost'),
(547, 57, 'Vale', 'Vale', 'Lion', 'Lion', '2025-02-06 16:25:57', 'root@localhost'),
(548, 57, 'Vale', 'Vale', 'Lion', 'Lion', '2025-02-06 16:25:57', 'root@localhost'),
(549, 57, 'Vale', 'Vale', 'Lion', 'Lion', '2025-02-06 16:25:57', 'root@localhost'),
(550, 57, 'Vale', 'Vale', 'Lion', 'Lion', '2025-02-06 16:25:57', 'root@localhost'),
(551, 57, 'Vale', 'Vale', 'Lion', 'Lion', '2025-02-06 16:25:57', 'root@localhost'),
(552, 57, 'Vale', 'Vale', 'Lion', 'Lion', '2025-02-06 16:25:57', 'root@localhost'),
(553, 57, 'Vale', 'Vale', 'Lion', 'Lion', '2025-02-06 16:25:57', 'root@localhost'),
(554, 57, 'Vale', 'Vale', 'Lion', 'Lion', '2025-02-06 16:25:58', 'root@localhost'),
(555, 57, 'Vale', 'Vale', 'Lion', 'Lion', '2025-02-06 16:25:58', 'root@localhost'),
(556, 57, 'Vale', 'Vale', 'Lion', 'Lion', '2025-02-06 16:25:58', 'root@localhost'),
(557, 57, 'Vale', 'Vale', 'Lion', 'Lion', '2025-02-06 16:25:58', 'root@localhost'),
(558, 57, 'Vale', 'Vale', 'Lion', 'Lion', '2025-02-06 16:25:58', 'root@localhost'),
(559, 57, 'Vale', 'Vale', 'Lion', 'Lion', '2025-02-06 16:25:58', 'root@localhost'),
(560, 57, 'Vale', 'Vale', 'Lion', 'Lion', '2025-02-06 16:25:58', 'root@localhost'),
(561, 57, 'Vale', 'Vale', 'Lion', 'Lion', '2025-02-06 16:25:58', 'root@localhost'),
(562, 57, 'Vale', 'Vale', 'Lion', 'Lion', '2025-02-06 16:25:58', 'root@localhost'),
(563, 57, 'Vale', 'Vale', 'Lion', 'Lion', '2025-02-06 16:25:58', 'root@localhost'),
(564, 57, 'Vale', 'Vale', 'Lion', 'Lion', '2025-02-06 16:25:58', 'root@localhost'),
(565, 57, 'Vale', 'Vale', 'Lion', 'Lion', '2025-02-06 16:25:58', 'root@localhost'),
(566, 57, 'Vale', 'Vale', 'Lion', 'Lion', '2025-02-06 16:25:58', 'root@localhost'),
(567, 57, 'Vale', 'Vale', 'Lion', 'Lion', '2025-02-06 16:25:58', 'root@localhost'),
(568, 57, 'Vale', 'Vale', 'Lion', 'Lion', '2025-02-06 16:25:58', 'root@localhost'),
(569, 57, 'Vale', 'Vale', 'Lion', 'Lion', '2025-02-06 16:25:58', 'root@localhost'),
(570, 57, 'Vale', 'Vale', 'Lion', 'Lion', '2025-02-06 16:25:58', 'root@localhost'),
(571, 57, 'Vale', 'Vale', 'Lion', 'Lion', '2025-02-06 16:25:58', 'root@localhost'),
(572, 57, 'Vale', 'Vale', 'Lion', 'Lion', '2025-02-06 16:25:58', 'root@localhost'),
(573, 57, 'Vale', 'Vale', 'Lion', 'Lion', '2025-02-06 16:25:58', 'root@localhost'),
(574, 57, 'Vale', 'Vale', 'Lion', 'Lion', '2025-02-06 16:25:58', 'root@localhost'),
(575, 57, 'Vale', 'Vale', 'Lion', 'Lion', '2025-02-06 16:25:59', 'root@localhost'),
(576, 57, 'Vale', 'Vale', 'Lion', 'Lion', '2025-02-06 16:25:59', 'root@localhost'),
(577, 57, 'Vale', 'Vale', 'Lion', 'Lion', '2025-02-06 16:25:59', 'root@localhost'),
(578, 57, 'Vale', 'Vale', 'Lion', 'Lion', '2025-02-06 16:25:59', 'root@localhost'),
(579, 57, 'Vale', 'Vale', 'Lion', 'Lion', '2025-02-06 16:25:59', 'root@localhost'),
(580, 57, 'Vale', 'Vale', 'Lion', 'Lion', '2025-02-06 16:25:59', 'root@localhost'),
(581, 57, 'Vale', 'Vale', 'Lion', 'Lion', '2025-02-06 16:25:59', 'root@localhost'),
(582, 57, 'Vale', 'Vale', 'Lion', 'Lion', '2025-02-06 16:25:59', 'root@localhost'),
(583, 57, 'Vale', 'Vale', 'Lion', 'Lion', '2025-02-06 16:25:59', 'root@localhost'),
(584, 57, 'Vale', 'Vale', 'Lion', 'Lion', '2025-02-06 16:25:59', 'root@localhost'),
(585, 57, 'Vale', 'Vale', 'Lion', 'Lion', '2025-02-06 16:25:59', 'root@localhost'),
(586, 57, 'Vale', 'Vale', 'Lion', 'Lion', '2025-02-06 16:25:59', 'root@localhost'),
(587, 57, 'Vale', 'Vale', 'Lion', 'Lion', '2025-02-06 16:25:59', 'root@localhost'),
(588, 57, 'Vale', 'Vale', 'Lion', 'Lion', '2025-02-06 16:25:59', 'root@localhost'),
(589, 57, 'Vale', 'Vale', 'Lion', 'Lion', '2025-02-06 16:25:59', 'root@localhost'),
(590, 57, 'Vale', 'Vale', 'Lion', 'Lion', '2025-02-06 16:26:00', 'root@localhost'),
(591, 57, 'Vale', 'Vale', 'Lion', 'Lion', '2025-02-06 16:26:00', 'root@localhost'),
(592, 57, 'Vale', 'Vale', 'Lion', 'Lion', '2025-02-06 16:26:00', 'root@localhost'),
(593, 57, 'Vale', 'Vale', 'Lion', 'Lion', '2025-02-06 16:26:00', 'root@localhost'),
(594, 57, 'Vale', 'Vale', 'Lion', 'Lion', '2025-02-06 16:26:00', 'root@localhost'),
(595, 57, 'Vale', 'Vale', 'Lion', 'Lion', '2025-02-06 16:26:00', 'root@localhost'),
(596, 57, 'Vale', 'Vale', 'Lion', 'Lion', '2025-02-06 16:26:00', 'root@localhost'),
(597, 57, 'Vale', 'Vale', 'Lion', 'Lion', '2025-02-06 16:26:00', 'root@localhost'),
(598, 57, 'Vale', 'Vale', 'Lion', 'Lion', '2025-02-06 16:26:00', 'root@localhost'),
(599, 57, 'Vale', 'Vale', 'Lion', 'Lion', '2025-02-06 16:26:00', 'root@localhost'),
(600, 57, 'Vale', 'Vale', 'Lion', 'Lion', '2025-02-06 16:26:00', 'root@localhost'),
(601, 57, 'Vale', 'Vale', 'Lion', 'Lion', '2025-02-06 16:26:00', 'root@localhost'),
(602, 57, 'Vale', 'Vale', 'Lion', 'Lion', '2025-02-06 16:26:01', 'root@localhost'),
(603, 57, 'Vale', 'Vale', 'Lion', 'Lion', '2025-02-06 16:26:01', 'root@localhost'),
(604, 57, 'Vale', 'Vale', 'Lion', 'Lion', '2025-02-06 16:26:01', 'root@localhost'),
(605, 57, 'Vale', 'Vale', 'Lion', 'Lion', '2025-02-06 16:26:01', 'root@localhost'),
(606, 57, 'Vale', 'Vale', 'Lion', 'Lion', '2025-02-06 16:26:01', 'root@localhost'),
(607, 57, 'Vale', 'Vale', 'Lion', 'Lion', '2025-02-06 16:26:01', 'root@localhost'),
(608, 57, 'Vale', 'Vale', 'Lion', 'Lion', '2025-02-06 16:26:01', 'root@localhost'),
(609, 57, 'Vale', 'Vale', 'Lion', 'Lion', '2025-02-06 16:26:01', 'root@localhost'),
(610, 57, 'Vale', 'Vale', 'Lion', 'Lion', '2025-02-06 16:26:01', 'root@localhost'),
(611, 57, 'Vale', 'Vale', 'Lion', 'Lion', '2025-02-06 16:26:01', 'root@localhost'),
(612, 57, 'Vale', 'Vale', 'Lion', 'Lion', '2025-02-06 16:26:01', 'root@localhost'),
(613, 57, 'Vale', 'Vale', 'Lion', 'Lion', '2025-02-06 16:26:01', 'root@localhost'),
(614, 57, 'Vale', 'Vale', 'Lion', 'Lion', '2025-02-06 16:26:01', 'root@localhost'),
(615, 57, 'Vale', 'Vale', 'Lion', 'Lion', '2025-02-06 16:26:01', 'root@localhost'),
(616, 57, 'Vale', 'Vale', 'Lion', 'Lion', '2025-02-06 16:26:01', 'root@localhost'),
(617, 57, 'Vale', 'Vale', 'Lion', 'Lion', '2025-02-06 16:26:01', 'root@localhost'),
(618, 57, 'Vale', 'Vale', 'Lion', 'Lion', '2025-02-06 16:26:01', 'root@localhost'),
(619, 57, 'Vale', 'Vale', 'Lion', 'Lion', '2025-02-06 16:26:02', 'root@localhost'),
(620, 57, 'Vale', 'Vale', 'Lion', 'Lion', '2025-02-06 16:26:02', 'root@localhost'),
(621, 57, 'Vale', 'Vale', 'Lion', 'Lion', '2025-02-06 16:26:02', 'root@localhost'),
(622, 57, 'Vale', 'Vale', 'Lion', 'Lion', '2025-02-06 16:26:02', 'root@localhost'),
(623, 57, 'Vale', 'Vale', 'Lion', 'Lion', '2025-02-06 16:26:02', 'root@localhost'),
(624, 57, 'Vale', 'Vale', 'Lion', 'Lion', '2025-02-06 16:26:02', 'root@localhost'),
(625, 57, 'Vale', 'Vale', 'Lion', 'Lion', '2025-02-06 16:26:02', 'root@localhost'),
(626, 57, 'Vale', 'Vale', 'Lion', 'Lion', '2025-02-06 16:26:02', 'root@localhost'),
(627, 57, 'Vale', 'Vale', 'Lion', 'Lion', '2025-02-06 16:26:02', 'root@localhost'),
(628, 57, 'Vale', 'Vale', 'Lion', 'Lion', '2025-02-06 16:26:02', 'root@localhost'),
(629, 57, 'Vale', 'Vale', 'Lion', 'Lion', '2025-02-06 16:26:02', 'root@localhost'),
(630, 57, 'Vale', 'Vale', 'Lion', 'Lion', '2025-02-06 16:26:02', 'root@localhost'),
(631, 57, 'Vale', 'Vale', 'Lion', 'Lion', '2025-02-06 16:26:02', 'root@localhost'),
(632, 57, 'Vale', 'Vale', 'Lion', 'Lion', '2025-02-06 16:26:02', 'root@localhost'),
(633, 57, 'Vale', 'Vale', 'Lion', 'Lion', '2025-02-06 16:26:02', 'root@localhost'),
(634, 57, 'Vale', 'Vale', 'Lion', 'Lion', '2025-02-06 16:26:02', 'root@localhost'),
(635, 57, 'Vale', 'Vale', 'Lion', 'Lion', '2025-02-06 16:26:02', 'root@localhost'),
(636, 57, 'Vale', 'Vale', 'Lion', 'Lion', '2025-02-06 16:26:02', 'root@localhost'),
(637, 57, 'Vale', 'Vale', 'Lion', 'Lion', '2025-02-06 16:26:02', 'root@localhost'),
(638, 57, 'Vale', 'Vale', 'Lion', 'Lion', '2025-02-06 16:26:02', 'root@localhost'),
(639, 57, 'Vale', 'Vale', 'Lion', 'Lion', '2025-02-06 16:26:02', 'root@localhost'),
(640, 57, 'Vale', 'Vale', 'Lion', 'Lion', '2025-02-06 16:26:02', 'root@localhost'),
(641, 57, 'Vale', 'Vale', 'Lion', 'Lion', '2025-02-06 16:26:02', 'root@localhost'),
(642, 57, 'Vale', 'Vale', 'Lion', 'Lion', '2025-02-06 16:26:02', 'root@localhost'),
(643, 57, 'Vale', 'Vale', 'Lion', 'Lion', '2025-02-06 16:26:02', 'root@localhost'),
(644, 57, 'Vale', 'Vale', 'Lion', 'Lion', '2025-02-06 16:26:02', 'root@localhost'),
(645, 57, 'Vale', 'Vale', 'Lion', 'Lion', '2025-02-06 16:26:02', 'root@localhost'),
(646, 57, 'Vale', 'Vale', 'Lion', 'Lion', '2025-02-06 16:26:02', 'root@localhost'),
(647, 57, 'Vale', 'Vale', 'Lion', 'Lion', '2025-02-06 16:26:02', 'root@localhost'),
(648, 57, 'Vale', 'Vale', 'Lion', 'Lion', '2025-02-06 16:26:03', 'root@localhost'),
(649, 57, 'Vale', 'Vale', 'Lion', 'Lion', '2025-02-06 16:26:03', 'root@localhost'),
(650, 57, 'Vale', 'Vale', 'Lion', 'Lion', '2025-02-06 16:26:03', 'root@localhost'),
(651, 57, 'Vale', 'Vale', 'Lion', 'Lion', '2025-02-06 16:26:03', 'root@localhost'),
(652, 57, 'Vale', 'Vale', 'Lion', 'Lion', '2025-02-06 16:26:03', 'root@localhost'),
(653, 57, 'Vale', 'Vale', 'Lion', 'Lion', '2025-02-06 16:26:03', 'root@localhost'),
(654, 57, 'Vale', 'Vale', 'Lion', 'Lion', '2025-02-06 16:26:03', 'root@localhost'),
(655, 57, 'Vale', 'Vale', 'Lion', 'Lion', '2025-02-06 16:26:03', 'root@localhost'),
(656, 57, 'Vale', 'Vale', 'Lion', 'Lion', '2025-02-06 16:26:03', 'root@localhost'),
(657, 57, 'Vale', 'Vale', 'Lion', 'Lion', '2025-02-06 16:26:03', 'root@localhost'),
(658, 57, 'Vale', 'Vale', 'Lion', 'Lion', '2025-02-06 16:26:03', 'root@localhost'),
(659, 57, 'Vale', 'Vale', 'Lion', 'Lion', '2025-02-06 16:26:03', 'root@localhost'),
(660, 57, 'Vale', 'Vale', 'Lion', 'Lion', '2025-02-06 16:26:03', 'root@localhost'),
(661, 57, 'Vale', 'Vale', 'Lion', 'Lion', '2025-02-06 16:26:03', 'root@localhost'),
(662, 57, 'Vale', 'Vale', 'Lion', 'Lion', '2025-02-06 16:26:03', 'root@localhost'),
(663, 57, 'Vale', 'Vale', 'Lion', 'Lion', '2025-02-06 16:26:03', 'root@localhost'),
(664, 57, 'Vale', 'Vale', 'Lion', 'Lion', '2025-02-06 16:26:03', 'root@localhost'),
(665, 57, 'Vale', 'Vale', 'Lion', 'Lion', '2025-02-06 16:26:03', 'root@localhost'),
(666, 57, 'Vale', 'Vale', 'Lion', 'Lion', '2025-02-06 16:26:03', 'root@localhost'),
(667, 57, 'Vale', 'Vale', 'Lion', 'Lion', '2025-02-06 16:26:03', 'root@localhost'),
(668, 57, 'Vale', 'Vale', 'Lion', 'Lion', '2025-02-06 16:26:03', 'root@localhost'),
(669, 57, 'Vale', 'Vale', 'Lion', 'Lion', '2025-02-06 16:26:03', 'root@localhost'),
(670, 57, 'Vale', 'Vale', 'Lion', 'Lion', '2025-02-06 16:26:03', 'root@localhost'),
(671, 57, 'Vale', 'Vale', 'Lion', 'Lion', '2025-02-06 16:26:03', 'root@localhost'),
(672, 57, 'Vale', 'Vale', 'Lion', 'Lion', '2025-02-06 16:26:03', 'root@localhost'),
(673, 57, 'Vale', 'Vale', 'Lion', 'Lion', '2025-02-06 16:26:03', 'root@localhost'),
(674, 57, 'Vale', 'Vale', 'Lion', 'Lion', '2025-02-06 16:26:03', 'root@localhost'),
(675, 57, 'Vale', 'Vale', 'Lion', 'Lion', '2025-02-06 16:26:03', 'root@localhost'),
(676, 57, 'Vale', 'Vale', 'Lion', 'Lion', '2025-02-06 16:26:03', 'root@localhost'),
(677, 57, 'Vale', 'Vale', 'Lion', 'Lion', '2025-02-06 16:26:03', 'root@localhost'),
(678, 57, 'Vale', 'Vale', 'Lion', 'Lion', '2025-02-06 16:26:04', 'root@localhost'),
(679, 57, 'Vale', 'Vale', 'Lion', 'Lion', '2025-02-06 16:26:04', 'root@localhost'),
(680, 57, 'Vale', 'Vale', 'Lion', 'Lion', '2025-02-06 16:26:04', 'root@localhost'),
(681, 57, 'Vale', 'Vale', 'Lion', 'Lion', '2025-02-06 16:26:04', 'root@localhost'),
(682, 57, 'Vale', 'Vale', 'Lion', 'Lion', '2025-02-06 16:26:04', 'root@localhost'),
(683, 57, 'Vale', 'Vale', 'Lion', 'Lion', '2025-02-06 16:26:04', 'root@localhost'),
(684, 57, 'Vale', 'Vale', 'Lion', 'Lion', '2025-02-06 16:26:04', 'root@localhost'),
(685, 57, 'Vale', 'Vale', 'Lion', 'Lion', '2025-02-06 16:26:04', 'root@localhost'),
(686, 57, 'Vale', 'Vale', 'Lion', 'Lion', '2025-02-06 16:26:04', 'root@localhost'),
(687, 57, 'Vale', 'Vale', 'Lion', 'Lion', '2025-02-06 16:26:04', 'root@localhost'),
(688, 57, 'Vale', 'Vale', 'Lion', 'Lion', '2025-02-06 16:26:04', 'root@localhost'),
(689, 57, 'Vale', 'Vale', 'Lion', 'Lion', '2025-02-06 16:26:04', 'root@localhost'),
(690, 57, 'Vale', 'Vale', 'Lion', 'Lion', '2025-02-06 16:26:04', 'root@localhost'),
(691, 57, 'Vale', 'Vale', 'Lion', 'Lion', '2025-02-06 16:26:04', 'root@localhost'),
(692, 57, 'Vale', 'Vale', 'Lion', 'Lion', '2025-02-06 16:26:04', 'root@localhost'),
(693, 57, 'Vale', 'Vale', 'Lion', 'Lion', '2025-02-06 16:26:04', 'root@localhost'),
(694, 57, 'Vale', 'Vale', 'Lion', 'Lion', '2025-02-06 16:26:04', 'root@localhost'),
(695, 57, 'Vale', 'Vale', 'Lion', 'Lion', '2025-02-06 16:26:04', 'root@localhost'),
(696, 57, 'Vale', 'Vale', 'Lion', 'Lion', '2025-02-06 16:26:04', 'root@localhost'),
(697, 57, 'Vale', 'Vale', 'Lion', 'Lion', '2025-02-06 16:26:04', 'root@localhost'),
(698, 57, 'Vale', 'Vale', 'Lion', 'Lion', '2025-02-06 16:26:04', 'root@localhost'),
(699, 57, 'Vale', 'Vale', 'Lion', 'Lion', '2025-02-06 16:26:04', 'root@localhost'),
(700, 57, 'Vale', 'Vale', 'Lion', 'Lion', '2025-02-06 16:26:04', 'root@localhost'),
(701, 57, 'Vale', 'Vale', 'Lion', 'Lion', '2025-02-06 16:26:04', 'root@localhost'),
(702, 57, 'Vale', 'Vale', 'Lion', 'Lion', '2025-02-06 16:26:05', 'root@localhost'),
(703, 57, 'Vale', 'Vale', 'Lion', 'Lion', '2025-02-06 16:26:05', 'root@localhost'),
(704, 57, 'Vale', 'Vale', 'Lion', 'Lion', '2025-02-06 16:26:05', 'root@localhost'),
(705, 57, 'Vale', 'Vale', 'Lion', 'Lion', '2025-02-06 16:26:05', 'root@localhost'),
(706, 57, 'Vale', 'Vale', 'Lion', 'Lion', '2025-02-06 16:26:05', 'root@localhost'),
(707, 57, 'Vale', 'Vale', 'Lion', 'Lion', '2025-02-06 16:26:05', 'root@localhost'),
(708, 57, 'Vale', 'Vale', 'Lion', 'Lion', '2025-02-06 16:26:05', 'root@localhost'),
(709, 57, 'Vale', 'Vale', 'Lion', 'Lion', '2025-02-06 16:26:05', 'root@localhost'),
(710, 57, 'Vale', 'Vale', 'Lion', 'Lion', '2025-02-06 16:26:05', 'root@localhost'),
(711, 57, 'Vale', 'Vale', 'Lion', 'Lion', '2025-02-06 16:26:05', 'root@localhost'),
(712, 57, 'Vale', 'Vale', 'Lion', 'Lion', '2025-02-06 16:26:05', 'root@localhost'),
(713, 57, 'Vale', 'Vale', 'Lion', 'Lion', '2025-02-06 16:26:05', 'root@localhost'),
(714, 57, 'Vale', 'Vale', 'Lion', 'Lion', '2025-02-06 16:26:05', 'root@localhost'),
(715, 57, 'Vale', 'Vale', 'Lion', 'Lion', '2025-02-06 16:26:05', 'root@localhost'),
(716, 57, 'Vale', 'Vale', 'Lion', 'Lion', '2025-02-06 16:26:05', 'root@localhost'),
(717, 57, 'Vale', 'Vale', 'Lion', 'Lion', '2025-02-06 16:26:05', 'root@localhost'),
(718, 57, 'Vale', 'Vale', 'Lion', 'Lion', '2025-02-06 16:26:05', 'root@localhost'),
(719, 57, 'Vale', 'Vale', 'Lion', 'Lion', '2025-02-06 16:26:05', 'root@localhost'),
(720, 57, 'Vale', 'Vale', 'Lion', 'Lion', '2025-02-06 16:26:05', 'root@localhost'),
(721, 57, 'Vale', 'Vale', 'Lion', 'Lion', '2025-02-06 16:26:06', 'root@localhost'),
(722, 57, 'Vale', 'Vale', 'Lion', 'Lion', '2025-02-06 16:26:06', 'root@localhost'),
(723, 57, 'Vale', 'Vale', 'Lion', 'Lion', '2025-02-06 16:26:06', 'root@localhost'),
(724, 57, 'Vale', 'Vale', 'Lion', 'Lion', '2025-02-06 16:26:06', 'root@localhost'),
(725, 57, 'Vale', 'Vale', 'Lion', 'Lion', '2025-02-06 16:26:06', 'root@localhost'),
(726, 57, 'Vale', 'Vale', 'Lion', 'Lion', '2025-02-06 16:26:06', 'root@localhost'),
(727, 57, 'Vale', 'Vale', 'Lion', 'Lion', '2025-02-06 16:26:06', 'root@localhost'),
(728, 57, 'Vale', 'Vale', 'Lion', 'Lion', '2025-02-06 16:26:06', 'root@localhost'),
(729, 57, 'Vale', 'Vale', 'Lion', 'Lion', '2025-02-06 16:26:06', 'root@localhost'),
(730, 57, 'Vale', 'Vale', 'Lion', 'Lion', '2025-02-06 16:26:06', 'root@localhost'),
(731, 57, 'Vale', 'Vale', 'Lion', 'Lion', '2025-02-06 16:26:06', 'root@localhost'),
(732, 57, 'Vale', 'Vale', 'Lion', 'Lion', '2025-02-06 16:26:06', 'root@localhost'),
(733, 57, 'Vale', 'Vale', 'Lion', 'Lion', '2025-02-06 16:26:06', 'root@localhost'),
(734, 57, 'Vale', 'Vale', 'Lion', 'Lion', '2025-02-06 16:26:06', 'root@localhost'),
(735, 57, 'Vale', 'Vale', 'Lion', 'Lion', '2025-02-06 16:26:06', 'root@localhost'),
(736, 57, 'Vale', 'Vale', 'Lion', 'Lion', '2025-02-06 16:26:06', 'root@localhost'),
(737, 57, 'Vale', 'Vale', 'Lion', 'Lion', '2025-02-06 16:26:06', 'root@localhost'),
(738, 57, 'Vale', 'Vale', 'Lion', 'Lion', '2025-02-06 16:26:06', 'root@localhost'),
(739, 57, 'Vale', 'Vale', 'Lion', 'Lion', '2025-02-06 16:26:06', 'root@localhost'),
(740, 57, 'Vale', 'Vale', 'Lion', 'Lion', '2025-02-06 16:26:06', 'root@localhost'),
(741, 57, 'Vale', 'Vale', 'Lion', 'Lion', '2025-02-06 16:26:06', 'root@localhost'),
(742, 57, 'Vale', 'Vale', 'Lion', 'Lion', '2025-02-06 16:26:06', 'root@localhost'),
(743, 57, 'Vale', 'Vale', 'Lion', 'Lion', '2025-02-06 16:26:06', 'root@localhost'),
(744, 57, 'Vale', 'Vale', 'Lion', 'Lion', '2025-02-06 16:26:06', 'root@localhost'),
(745, 57, 'Vale', 'Vale', 'Lion', 'Lion', '2025-02-06 16:26:06', 'root@localhost'),
(746, 57, 'Vale', 'Vale', 'Lion', 'Lion', '2025-02-06 16:26:06', 'root@localhost'),
(747, 57, 'Vale', 'Vale', 'Lion', 'Lion', '2025-02-06 16:26:07', 'root@localhost'),
(748, 57, 'Vale', 'Vale', 'Lion', 'Lion', '2025-02-06 16:26:07', 'root@localhost'),
(749, 57, 'Vale', 'Vale', 'Lion', 'Lion', '2025-02-06 16:26:07', 'root@localhost'),
(750, 57, 'Vale', 'Vale', 'Lion', 'Lion', '2025-02-06 16:26:07', 'root@localhost'),
(751, 57, 'Vale', 'Vale', 'Lion', 'Lion', '2025-02-06 16:26:07', 'root@localhost'),
(752, 57, 'Vale', 'Vale', 'Lion', 'Lion', '2025-02-06 16:26:07', 'root@localhost'),
(753, 57, 'Vale', 'Vale', 'Lion', 'Lion', '2025-02-06 16:26:07', 'root@localhost'),
(754, 57, 'Vale', 'Vale', 'Lion', 'Lion', '2025-02-06 16:26:07', 'root@localhost'),
(755, 57, 'Vale', 'Vale', 'Lion', 'Lion', '2025-02-06 16:26:07', 'root@localhost'),
(756, 57, 'Vale', 'Vale', 'Lion', 'Lion', '2025-02-06 16:26:07', 'root@localhost'),
(757, 57, 'Vale', 'Vale', 'Lion', 'Lion', '2025-02-06 16:26:07', 'root@localhost'),
(758, 57, 'Vale', 'Vale', 'Lion', 'Lion', '2025-02-06 16:26:07', 'root@localhost'),
(759, 57, 'Vale', 'Vale', 'Lion', 'Lion', '2025-02-06 16:26:07', 'root@localhost'),
(760, 57, 'Vale', 'Vale', 'Lion', 'Lion', '2025-02-06 16:26:07', 'root@localhost'),
(761, 57, 'Vale', 'Vale', 'Lion', 'Lion', '2025-02-06 16:26:07', 'root@localhost'),
(762, 57, 'Vale', 'Vale', 'Lion', 'Lion', '2025-02-06 16:26:07', 'root@localhost'),
(763, 57, 'Vale', 'Vale', 'Lion', 'Lion', '2025-02-06 16:26:07', 'root@localhost'),
(764, 57, 'Vale', 'Vale', 'Lion', 'Lion', '2025-02-06 16:26:07', 'root@localhost'),
(765, 57, 'Vale', 'Vale', 'Lion', 'Lion', '2025-02-06 16:26:07', 'root@localhost'),
(766, 57, 'Vale', 'Vale', 'Lion', 'Lion', '2025-02-06 16:26:07', 'root@localhost'),
(767, 57, 'Vale', 'Vale', 'Lion', 'Lion', '2025-02-06 16:26:07', 'root@localhost'),
(768, 57, 'Vale', 'Vale', 'Lion', 'Lion', '2025-02-06 16:26:07', 'root@localhost'),
(769, 57, 'Vale', 'Vale', 'Lion', 'Lion', '2025-02-06 16:26:07', 'root@localhost'),
(770, 57, 'Vale', 'Vale', 'Lion', 'Lion', '2025-02-06 16:26:07', 'root@localhost'),
(771, 57, 'Vale', 'Vale', 'Lion', 'Lion', '2025-02-06 16:26:07', 'root@localhost'),
(772, 57, 'Vale', 'Vale', 'Lion', 'Lion', '2025-02-06 16:26:07', 'root@localhost'),
(773, 57, 'Vale', 'Vale', 'Lion', 'Lion', '2025-02-06 16:26:07', 'root@localhost'),
(774, 57, 'Vale', 'Vale', 'Lion', 'Lion', '2025-02-06 16:26:07', 'root@localhost'),
(775, 57, 'Vale', 'Vale', 'Lion', 'Lion', '2025-02-06 16:26:07', 'root@localhost'),
(776, 57, 'Vale', 'Vale', 'Lion', 'Lion', '2025-02-06 16:26:08', 'root@localhost'),
(777, 57, 'Vale', 'Vale', 'Lion', 'Lion', '2025-02-06 16:26:08', 'root@localhost'),
(778, 57, 'Vale', 'Vale', 'Lion', 'Lion', '2025-02-06 16:26:08', 'root@localhost'),
(779, 57, 'Vale', 'Vale', 'Lion', 'Lion', '2025-02-06 16:26:08', 'root@localhost'),
(780, 57, 'Vale', 'Vale', 'Lion', 'Lion', '2025-02-06 16:26:08', 'root@localhost'),
(781, 57, 'Vale', 'Vale', 'Lion', 'Lion', '2025-02-06 16:26:08', 'root@localhost'),
(782, 57, 'Vale', 'Vale', 'Lion', 'Lion', '2025-02-06 16:26:08', 'root@localhost'),
(783, 57, 'Vale', 'Vale', 'Lion', 'Lion', '2025-02-06 16:26:08', 'root@localhost'),
(784, 57, 'Vale', 'Vale', 'Lion', 'Lion', '2025-02-06 16:26:08', 'root@localhost'),
(785, 57, 'Vale', 'Vale', 'Lion', 'Lion', '2025-02-06 16:26:08', 'root@localhost'),
(786, 57, 'Vale', 'Vale', 'Lion', 'Lion', '2025-02-06 16:26:08', 'root@localhost'),
(787, 57, 'Vale', 'Vale', 'Lion', 'Lion', '2025-02-06 16:26:08', 'root@localhost'),
(788, 57, 'Vale', 'Vale', 'Lion', 'Lion', '2025-02-06 16:26:08', 'root@localhost'),
(789, 57, 'Vale', 'Vale', 'Lion', 'Lion', '2025-02-06 16:26:08', 'root@localhost'),
(790, 57, 'Vale', 'Vale', 'Lion', 'Lion', '2025-02-06 16:26:08', 'root@localhost'),
(791, 57, 'Vale', 'Vale', 'Lion', 'Lion', '2025-02-06 16:26:08', 'root@localhost'),
(792, 57, 'Vale', 'Vale', 'Lion', 'Lion', '2025-02-06 16:26:08', 'root@localhost'),
(793, 57, 'Vale', 'Vale', 'Lion', 'Lion', '2025-02-06 16:26:08', 'root@localhost'),
(794, 57, 'Vale', 'Vale', 'Lion', 'Lion', '2025-02-06 16:26:08', 'root@localhost'),
(795, 57, 'Vale', 'Vale', 'Lion', 'Lion', '2025-02-06 16:26:08', 'root@localhost'),
(796, 57, 'Vale', 'Vale', 'Lion', 'Lion', '2025-02-06 16:26:08', 'root@localhost'),
(797, 57, 'Vale', 'Vale', 'Lion', 'Lion', '2025-02-06 16:26:08', 'root@localhost'),
(798, 57, 'Vale', 'Vale', 'Lion', 'Lion', '2025-02-06 16:26:08', 'root@localhost'),
(799, 57, 'Vale', 'Vale', 'Lion', 'Lion', '2025-02-06 16:26:08', 'root@localhost'),
(800, 57, 'Vale', 'Vale', 'Lion', 'Lion', '2025-02-06 16:26:08', 'root@localhost'),
(801, 57, 'Vale', 'Vale', 'Lion', 'Lion', '2025-02-06 16:26:08', 'root@localhost'),
(802, 57, 'Vale', 'Vale', 'Lion', 'Lion', '2025-02-06 16:26:08', 'root@localhost'),
(803, 57, 'Vale', 'Vale', 'Lion', 'Lion', '2025-02-06 16:26:08', 'root@localhost'),
(804, 57, 'Vale', 'Vale', 'Lion', 'Lion', '2025-02-06 16:26:09', 'root@localhost'),
(805, 57, 'Vale', 'Vale', 'Lion', 'Lion', '2025-02-06 16:26:09', 'root@localhost'),
(806, 57, 'Vale', 'Vale', 'Lion', 'Lion', '2025-02-06 16:26:09', 'root@localhost'),
(807, 57, 'Vale', 'Vale', 'Lion', 'Lion', '2025-02-06 16:26:09', 'root@localhost'),
(808, 57, 'Vale', 'Vale', 'Lion', 'Lion', '2025-02-06 16:26:09', 'root@localhost'),
(809, 57, 'Vale', 'Vale', 'Lion', 'Lion', '2025-02-06 16:26:09', 'root@localhost'),
(810, 57, 'Vale', 'Vale', 'Lion', 'Lion', '2025-02-06 16:26:09', 'root@localhost'),
(811, 57, 'Vale', 'Vale', 'Lion', 'Lion', '2025-02-06 16:26:09', 'root@localhost'),
(812, 57, 'Vale', 'Vale', 'Lion', 'Lion', '2025-02-06 16:26:09', 'root@localhost'),
(813, 57, 'Vale', 'Vale', 'Lion', 'Lion', '2025-02-06 16:26:09', 'root@localhost'),
(814, 57, 'Vale', 'Vale', 'Lion', 'Lion', '2025-02-06 16:26:09', 'root@localhost'),
(815, 57, 'Vale', 'Vale', 'Lion', 'Lion', '2025-02-06 16:26:09', 'root@localhost'),
(816, 57, 'Vale', 'Vale', 'Lion', 'Lion', '2025-02-06 16:26:09', 'root@localhost'),
(817, 57, 'Vale', 'Vale', 'Lion', 'Lion', '2025-02-06 16:26:09', 'root@localhost'),
(818, 57, 'Vale', 'Vale', 'Lion', 'Lion', '2025-02-06 16:26:09', 'root@localhost'),
(819, 57, 'Vale', 'Vale', 'Lion', 'Lion', '2025-02-06 16:26:09', 'root@localhost'),
(820, 57, 'Vale', 'Vale', 'Lion', 'Lion', '2025-02-06 16:26:09', 'root@localhost'),
(821, 57, 'Vale', 'Vale', 'Lion', 'Lion', '2025-02-06 16:26:09', 'root@localhost'),
(822, 57, 'Vale', 'Vale', 'Lion', 'Lion', '2025-02-06 16:26:09', 'root@localhost'),
(823, 57, 'Vale', 'Vale', 'Lion', 'Lion', '2025-02-06 16:26:09', 'root@localhost'),
(824, 57, 'Vale', 'Vale', 'Lion', 'Lion', '2025-02-06 16:26:09', 'root@localhost'),
(825, 57, 'Vale', 'Vale', 'Lion', 'Lion', '2025-02-06 16:26:09', 'root@localhost'),
(826, 57, 'Vale', 'Vale', 'Lion', 'Lion', '2025-02-06 16:26:09', 'root@localhost'),
(827, 57, 'Vale', 'Vale', 'Lion', 'Lion', '2025-02-06 16:26:09', 'root@localhost'),
(828, 57, 'Vale', 'Vale', 'Lion', 'Lion', '2025-02-06 16:26:09', 'root@localhost'),
(829, 57, 'Vale', 'Vale', 'Lion', 'Lion', '2025-02-06 16:26:10', 'root@localhost'),
(830, 57, 'Vale', 'Vale', 'Lion', 'Lion', '2025-02-06 16:26:10', 'root@localhost'),
(831, 57, 'Vale', 'Vale', 'Lion', 'Lion', '2025-02-06 16:26:10', 'root@localhost'),
(832, 57, 'Vale', 'Vale', 'Lion', 'Lion', '2025-02-06 16:26:10', 'root@localhost'),
(833, 57, 'Vale', 'Vale', 'Lion', 'Lion', '2025-02-06 16:26:10', 'root@localhost'),
(834, 57, 'Vale', 'Vale', 'Lion', 'Lion', '2025-02-06 16:26:10', 'root@localhost'),
(835, 57, 'Vale', 'Vale', 'Lion', 'Lion', '2025-02-06 16:26:10', 'root@localhost'),
(836, 57, 'Vale', 'Vale', 'Lion', 'Lion', '2025-02-06 16:26:10', 'root@localhost'),
(837, 57, 'Vale', 'Vale', 'Lion', 'Lion', '2025-02-06 16:26:10', 'root@localhost'),
(838, 57, 'Vale', 'Vale', 'Lion', 'Lion', '2025-02-06 16:26:10', 'root@localhost'),
(839, 57, 'Vale', 'Vale', 'Lion', 'Lion', '2025-02-06 16:26:10', 'root@localhost'),
(840, 57, 'Vale', 'Vale', 'Lion', 'Lion', '2025-02-06 16:26:10', 'root@localhost');
INSERT INTO `animal_update_log` (`Log_ID`, `Animal_ID`, `Old_Name`, `New_Name`, `Old_Species`, `New_Species`, `Update_Timestamp`, `Updated_By`) VALUES
(841, 57, 'Vale', 'Vale', 'Lion', 'Lion', '2025-02-06 16:26:10', 'root@localhost'),
(842, 57, 'Vale', 'Vale', 'Lion', 'Lion', '2025-02-06 16:26:10', 'root@localhost'),
(843, 57, 'Vale', 'Vale', 'Lion', 'Lion', '2025-02-06 16:26:10', 'root@localhost'),
(844, 57, 'Vale', 'Vale', 'Lion', 'Lion', '2025-02-06 16:26:10', 'root@localhost'),
(845, 57, 'Vale', 'Vale', 'Lion', 'Lion', '2025-02-06 16:26:10', 'root@localhost'),
(846, 57, 'Vale', 'Vale', 'Lion', 'Lion', '2025-02-06 16:26:10', 'root@localhost'),
(847, 57, 'Vale', 'Vale', 'Lion', 'Lion', '2025-02-06 16:26:10', 'root@localhost'),
(848, 57, 'Vale', 'Vale', 'Lion', 'Lion', '2025-02-06 16:26:10', 'root@localhost'),
(849, 57, 'Vale', 'Vale', 'Lion', 'Lion', '2025-02-06 16:26:10', 'root@localhost'),
(850, 57, 'Vale', 'Vale', 'Lion', 'Lion', '2025-02-06 16:26:10', 'root@localhost'),
(851, 57, 'Vale', 'Vale', 'Lion', 'Lion', '2025-02-06 16:26:10', 'root@localhost'),
(852, 57, 'Vale', 'Vale', 'Lion', 'Lion', '2025-02-06 16:26:11', 'root@localhost'),
(853, 57, 'Vale', 'Vale', 'Lion', 'Lion', '2025-02-06 16:26:11', 'root@localhost'),
(854, 57, 'Vale', 'Vale', 'Lion', 'Lion', '2025-02-06 16:26:11', 'root@localhost'),
(855, 57, 'Vale', 'Vale', 'Lion', 'Lion', '2025-02-06 16:26:11', 'root@localhost'),
(856, 57, 'Vale', 'Vale', 'Lion', 'Lion', '2025-02-06 16:26:11', 'root@localhost'),
(857, 57, 'Vale', 'Vale', 'Lion', 'Lion', '2025-02-06 16:26:11', 'root@localhost'),
(858, 57, 'Vale', 'Vale', 'Lion', 'Lion', '2025-02-06 16:26:11', 'root@localhost'),
(859, 57, 'Vale', 'Vale', 'Lion', 'Lion', '2025-02-06 16:26:11', 'root@localhost'),
(860, 57, 'Vale', 'Vale', 'Lion', 'Lion', '2025-02-06 16:26:11', 'root@localhost'),
(861, 57, 'Vale', 'Vale', 'Lion', 'Lion', '2025-02-06 16:26:11', 'root@localhost'),
(862, 57, 'Vale', 'Vale', 'Lion', 'Lion', '2025-02-06 16:26:11', 'root@localhost'),
(863, 57, 'Vale', 'Vale', 'Lion', 'Lion', '2025-02-06 16:26:11', 'root@localhost'),
(864, 57, 'Vale', 'Vale', 'Lion', 'Lion', '2025-02-06 16:26:11', 'root@localhost'),
(865, 57, 'Vale', 'Vale', 'Lion', 'Lion', '2025-02-06 16:26:11', 'root@localhost'),
(866, 57, 'Vale', 'Vale', 'Lion', 'Lion', '2025-02-06 16:26:11', 'root@localhost'),
(867, 57, 'Vale', 'Vale', 'Lion', 'Lion', '2025-02-06 16:26:11', 'root@localhost'),
(868, 57, 'Vale', 'Vale', 'Lion', 'Lion', '2025-02-06 16:26:11', 'root@localhost'),
(869, 57, 'Vale', 'Vale', 'Lion', 'Lion', '2025-02-06 16:26:11', 'root@localhost'),
(870, 57, 'Vale', 'Vale', 'Lion', 'Lion', '2025-02-06 16:26:11', 'root@localhost'),
(871, 57, 'Vale', 'Vale', 'Lion', 'Lion', '2025-02-06 16:26:11', 'root@localhost'),
(872, 57, 'Vale', 'Vale', 'Lion', 'Lion', '2025-02-06 16:26:12', 'root@localhost'),
(873, 57, 'Vale', 'Vale', 'Lion', 'Lion', '2025-02-06 16:26:12', 'root@localhost'),
(874, 57, 'Vale', 'Vale', 'Lion', 'Lion', '2025-02-06 16:26:12', 'root@localhost'),
(875, 57, 'Vale', 'Vale', 'Lion', 'Lion', '2025-02-06 16:26:12', 'root@localhost'),
(876, 57, 'Vale', 'Vale', 'Lion', 'Lion', '2025-02-06 16:26:12', 'root@localhost'),
(877, 57, 'Vale', 'Vale', 'Lion', 'Lion', '2025-02-06 16:26:12', 'root@localhost'),
(878, 57, 'Vale', 'Vale', 'Lion', 'Lion', '2025-02-06 16:26:12', 'root@localhost'),
(879, 57, 'Vale', 'Vale', 'Lion', 'Lion', '2025-02-06 16:26:12', 'root@localhost'),
(880, 57, 'Vale', 'Vale', 'Lion', 'Lion', '2025-02-06 16:26:12', 'root@localhost'),
(881, 57, 'Vale', 'Vale', 'Lion', 'Lion', '2025-02-06 16:26:12', 'root@localhost'),
(882, 57, 'Vale', 'Vale', 'Lion', 'Lion', '2025-02-06 16:26:12', 'root@localhost'),
(883, 57, 'Vale', 'Vale', 'Lion', 'Lion', '2025-02-06 16:26:12', 'root@localhost'),
(884, 57, 'Vale', 'Vale', 'Lion', 'Lion', '2025-02-06 16:26:12', 'root@localhost'),
(885, 57, 'Vale', 'Vale', 'Lion', 'Lion', '2025-02-06 16:26:12', 'root@localhost'),
(886, 57, 'Vale', 'Vale', 'Lion', 'Lion', '2025-02-06 16:26:12', 'root@localhost'),
(887, 57, 'Vale', 'Vale', 'Lion', 'Lion', '2025-02-06 16:26:12', 'root@localhost'),
(888, 57, 'Vale', 'Vale', 'Lion', 'Lion', '2025-02-06 16:26:12', 'root@localhost'),
(889, 57, 'Vale', 'Vale', 'Lion', 'Lion', '2025-02-06 16:26:12', 'root@localhost'),
(890, 57, 'Vale', 'Vale', 'Lion', 'Lion', '2025-02-06 16:26:12', 'root@localhost'),
(891, 57, 'Vale', 'Vale', 'Lion', 'Lion', '2025-02-06 16:26:12', 'root@localhost'),
(892, 57, 'Vale', 'Vale', 'Lion', 'Lion', '2025-02-06 16:26:12', 'root@localhost'),
(893, 57, 'Vale', 'Vale', 'Lion', 'Lion', '2025-02-06 16:26:12', 'root@localhost'),
(894, 57, 'Vale', 'Vale', 'Lion', 'Lion', '2025-02-06 16:26:12', 'root@localhost'),
(895, 57, 'Vale', 'Vale', 'Lion', 'Lion', '2025-02-06 16:26:12', 'root@localhost'),
(896, 57, 'Vale', 'Vale', 'Lion', 'Lion', '2025-02-06 16:26:12', 'root@localhost'),
(897, 57, 'Vale', 'Vale', 'Lion', 'Lion', '2025-02-06 16:26:13', 'root@localhost'),
(898, 57, 'Vale', 'Vale', 'Lion', 'Lion', '2025-02-06 16:26:13', 'root@localhost'),
(899, 57, 'Vale', 'Vale', 'Lion', 'Lion', '2025-02-06 16:26:13', 'root@localhost'),
(900, 57, 'Vale', 'Vale', 'Lion', 'Lion', '2025-02-06 16:26:13', 'root@localhost'),
(901, 57, 'Vale', 'Vale', 'Lion', 'Lion', '2025-02-06 16:26:13', 'root@localhost'),
(902, 57, 'Vale', 'Vale', 'Lion', 'Lion', '2025-02-06 16:26:13', 'root@localhost'),
(903, 57, 'Vale', 'Vale', 'Lion', 'Lion', '2025-02-06 16:26:13', 'root@localhost'),
(904, 57, 'Vale', 'Vale', 'Lion', 'Lion', '2025-02-06 16:26:13', 'root@localhost'),
(905, 57, 'Vale', 'Vale', 'Lion', 'Lion', '2025-02-06 16:26:13', 'root@localhost'),
(906, 57, 'Vale', 'Vale', 'Lion', 'Lion', '2025-02-06 16:26:13', 'root@localhost'),
(907, 57, 'Vale', 'Vale', 'Lion', 'Lion', '2025-02-06 16:26:13', 'root@localhost'),
(908, 57, 'Vale', 'Vale', 'Lion', 'Lion', '2025-02-06 16:26:13', 'root@localhost'),
(909, 57, 'Vale', 'Vale', 'Lion', 'Lion', '2025-02-06 16:26:13', 'root@localhost'),
(910, 57, 'Vale', 'Vale', 'Lion', 'Lion', '2025-02-06 16:26:13', 'root@localhost'),
(911, 57, 'Vale', 'Vale', 'Lion', 'Lion', '2025-02-06 16:26:13', 'root@localhost'),
(912, 57, 'Vale', 'Vale', 'Lion', 'Lion', '2025-02-06 16:26:14', 'root@localhost'),
(913, 57, 'Vale', 'Vale', 'Lion', 'Lion', '2025-02-06 16:26:14', 'root@localhost'),
(914, 57, 'Vale', 'Vale', 'Lion', 'Lion', '2025-02-06 16:26:14', 'root@localhost'),
(915, 57, 'Vale', 'Vale', 'Lion', 'Lion', '2025-02-06 16:26:14', 'root@localhost'),
(916, 57, 'Vale', 'Vale', 'Lion', 'Lion', '2025-02-06 16:26:14', 'root@localhost'),
(917, 57, 'Vale', 'Vale', 'Lion', 'Lion', '2025-02-06 16:26:14', 'root@localhost'),
(918, 57, 'Vale', 'Vale', 'Lion', 'Lion', '2025-02-06 16:26:14', 'root@localhost'),
(919, 57, 'Vale', 'Vale', 'Lion', 'Lion', '2025-02-06 16:26:14', 'root@localhost'),
(920, 57, 'Vale', 'Vale', 'Lion', 'Lion', '2025-02-06 16:26:14', 'root@localhost'),
(921, 57, 'Vale', 'Vale', 'Lion', 'Lion', '2025-02-06 16:26:14', 'root@localhost'),
(922, 57, 'Vale', 'Vale', 'Lion', 'Lion', '2025-02-06 16:26:14', 'root@localhost'),
(923, 57, 'Vale', 'Vale', 'Lion', 'Lion', '2025-02-06 16:26:14', 'root@localhost'),
(924, 57, 'Vale', 'Vale', 'Lion', 'Lion', '2025-02-06 16:26:14', 'root@localhost'),
(925, 57, 'Vale', 'Vale', 'Lion', 'Lion', '2025-02-06 16:26:14', 'root@localhost'),
(926, 57, 'Vale', 'Vale', 'Lion', 'Lion', '2025-02-06 16:26:14', 'root@localhost'),
(927, 57, 'Vale', 'Vale', 'Lion', 'Lion', '2025-02-06 16:26:14', 'root@localhost'),
(928, 57, 'Vale', 'Vale', 'Lion', 'Lion', '2025-02-06 16:26:14', 'root@localhost'),
(929, 57, 'Vale', 'Vale', 'Lion', 'Lion', '2025-02-06 16:26:14', 'root@localhost'),
(930, 57, 'Vale', 'Vale', 'Lion', 'Lion', '2025-02-06 16:26:14', 'root@localhost'),
(931, 57, 'Vale', 'Vale', 'Lion', 'Lion', '2025-02-06 16:26:14', 'root@localhost'),
(932, 57, 'Vale', 'Vale', 'Lion', 'Lion', '2025-02-06 16:26:14', 'root@localhost'),
(933, 57, 'Vale', 'Vale', 'Lion', 'Lion', '2025-02-06 16:26:14', 'root@localhost'),
(934, 57, 'Vale', 'Vale', 'Lion', 'Lion', '2025-02-06 16:26:14', 'root@localhost'),
(935, 57, 'Vale', 'Vale', 'Lion', 'Lion', '2025-02-06 16:26:14', 'root@localhost'),
(936, 57, 'Vale', 'Vale', 'Lion', 'Lion', '2025-02-06 16:26:14', 'root@localhost'),
(937, 57, 'Vale', 'Vale', 'Lion', 'Lion', '2025-02-06 16:26:14', 'root@localhost'),
(938, 57, 'Vale', 'Vale', 'Lion', 'Lion', '2025-02-06 16:26:15', 'root@localhost'),
(939, 57, 'Vale', 'Vale', 'Lion', 'Lion', '2025-02-06 16:26:15', 'root@localhost'),
(940, 57, 'Vale', 'Vale', 'Lion', 'Lion', '2025-02-06 16:26:15', 'root@localhost'),
(941, 57, 'Vale', 'Vale', 'Lion', 'Lion', '2025-02-06 16:26:15', 'root@localhost'),
(942, 57, 'Vale', 'Vale', 'Lion', 'Lion', '2025-02-06 16:26:15', 'root@localhost'),
(943, 57, 'Vale', 'Vale', 'Lion', 'Lion', '2025-02-06 16:26:15', 'root@localhost'),
(944, 57, 'Vale', 'Vale', 'Lion', 'Lion', '2025-02-06 16:26:15', 'root@localhost'),
(945, 57, 'Vale', 'Vale', 'Lion', 'Lion', '2025-02-06 16:26:15', 'root@localhost'),
(946, 57, 'Vale', 'Vale', 'Lion', 'Lion', '2025-02-06 16:26:15', 'root@localhost'),
(947, 57, 'Vale', 'Vale', 'Lion', 'Lion', '2025-02-06 16:26:15', 'root@localhost'),
(948, 57, 'Vale', 'Vale', 'Lion', 'Lion', '2025-02-06 16:26:15', 'root@localhost'),
(949, 57, 'Vale', 'Vale', 'Lion', 'Lion', '2025-02-06 16:26:15', 'root@localhost'),
(950, 57, 'Vale', 'Vale', 'Lion', 'Lion', '2025-02-06 16:26:15', 'root@localhost'),
(951, 57, 'Vale', 'Vale', 'Lion', 'Lion', '2025-02-06 16:26:15', 'root@localhost'),
(952, 57, 'Vale', 'Vale', 'Lion', 'Lion', '2025-02-06 16:26:15', 'root@localhost'),
(953, 57, 'Vale', 'Vale', 'Lion', 'Lion', '2025-02-06 16:26:15', 'root@localhost'),
(954, 57, 'Vale', 'Vale', 'Lion', 'Lion', '2025-02-06 16:26:15', 'root@localhost'),
(955, 57, 'Vale', 'Vale', 'Lion', 'Lion', '2025-02-06 16:26:15', 'root@localhost'),
(956, 57, 'Vale', 'Vale', 'Lion', 'Lion', '2025-02-06 16:26:15', 'root@localhost'),
(957, 57, 'Vale', 'Vale', 'Lion', 'Lion', '2025-02-06 16:26:15', 'root@localhost'),
(958, 57, 'Vale', 'Vale', 'Lion', 'Lion', '2025-02-06 16:26:15', 'root@localhost'),
(959, 57, 'Vale', 'Vale', 'Lion', 'Lion', '2025-02-06 16:26:15', 'root@localhost'),
(960, 57, 'Vale', 'Vale', 'Lion', 'Lion', '2025-02-06 16:26:15', 'root@localhost'),
(961, 57, 'Vale', 'Vale', 'Lion', 'Lion', '2025-02-06 16:26:15', 'root@localhost'),
(962, 57, 'Vale', 'Vale', 'Lion', 'Lion', '2025-02-06 16:26:15', 'root@localhost'),
(963, 57, 'Vale', 'Vale', 'Lion', 'Lion', '2025-02-06 16:26:16', 'root@localhost'),
(964, 57, 'Vale', 'Vale', 'Lion', 'Lion', '2025-02-06 16:26:16', 'root@localhost'),
(965, 57, 'Vale', 'Vale', 'Lion', 'Lion', '2025-02-06 16:26:16', 'root@localhost'),
(966, 57, 'Vale', 'Vale', 'Lion', 'Lion', '2025-02-06 16:26:16', 'root@localhost'),
(967, 57, 'Vale', 'Vale', 'Lion', 'Lion', '2025-02-06 16:26:16', 'root@localhost'),
(968, 57, 'Vale', 'Vale', 'Lion', 'Lion', '2025-02-06 16:26:16', 'root@localhost'),
(969, 57, 'Vale', 'Vale', 'Lion', 'Lion', '2025-02-06 16:26:16', 'root@localhost'),
(970, 57, 'Vale', 'Vale', 'Lion', 'Lion', '2025-02-06 16:26:16', 'root@localhost'),
(971, 57, 'Vale', 'Vale', 'Lion', 'Lion', '2025-02-06 16:26:16', 'root@localhost'),
(972, 57, 'Vale', 'Vale', 'Lion', 'Lion', '2025-02-06 16:26:16', 'root@localhost'),
(973, 57, 'Vale', 'Vale', 'Lion', 'Lion', '2025-02-06 16:26:16', 'root@localhost'),
(974, 57, 'Vale', 'Vale', 'Lion', 'Lion', '2025-02-06 16:26:16', 'root@localhost'),
(975, 57, 'Vale', 'Vale', 'Lion', 'Lion', '2025-02-06 16:26:16', 'root@localhost'),
(976, 57, 'Vale', 'Vale', 'Lion', 'Lion', '2025-02-06 16:26:17', 'root@localhost'),
(977, 57, 'Vale', 'Vale', 'Lion', 'Lion', '2025-02-06 16:26:17', 'root@localhost'),
(978, 57, 'Vale', 'Vale', 'Lion', 'Lion', '2025-02-06 16:26:17', 'root@localhost'),
(979, 57, 'Vale', 'Vale', 'Lion', 'Lion', '2025-02-06 16:26:17', 'root@localhost'),
(980, 57, 'Vale', 'Vale', 'Lion', 'Lion', '2025-02-06 16:26:17', 'root@localhost'),
(981, 57, 'Vale', 'Vale', 'Lion', 'Lion', '2025-02-06 16:26:17', 'root@localhost'),
(982, 57, 'Vale', 'Vale', 'Lion', 'Lion', '2025-02-06 16:26:17', 'root@localhost'),
(983, 57, 'Vale', 'Vale', 'Lion', 'Lion', '2025-02-06 16:26:17', 'root@localhost'),
(984, 57, 'Vale', 'Vale', 'Lion', 'Lion', '2025-02-06 16:26:17', 'root@localhost'),
(985, 57, 'Vale', 'Vale', 'Lion', 'Lion', '2025-02-06 16:26:17', 'root@localhost'),
(986, 57, 'Vale', 'Vale', 'Lion', 'Lion', '2025-02-06 16:26:17', 'root@localhost'),
(987, 57, 'Vale', 'Vale', 'Lion', 'Lion', '2025-02-06 16:26:17', 'root@localhost'),
(988, 57, 'Vale', 'Vale', 'Lion', 'Lion', '2025-02-06 16:26:17', 'root@localhost'),
(989, 57, 'Vale', 'Vale', 'Lion', 'Lion', '2025-02-06 16:26:17', 'root@localhost'),
(990, 57, 'Vale', 'Vale', 'Lion', 'Lion', '2025-02-06 16:26:17', 'root@localhost'),
(991, 57, 'Vale', 'Vale', 'Lion', 'Lion', '2025-02-06 16:26:17', 'root@localhost'),
(992, 57, 'Vale', 'Vale', 'Lion', 'Lion', '2025-02-06 16:26:17', 'root@localhost'),
(993, 57, 'Vale', 'Vale', 'Lion', 'Lion', '2025-02-06 16:26:17', 'root@localhost'),
(994, 57, 'Vale', 'Vale', 'Lion', 'Lion', '2025-02-06 16:26:17', 'root@localhost'),
(995, 57, 'Vale', 'Vale', 'Lion', 'Lion', '2025-02-06 16:26:17', 'root@localhost'),
(996, 57, 'Vale', 'Vale', 'Lion', 'Lion', '2025-02-06 16:26:17', 'root@localhost'),
(997, 57, 'Vale', 'Vale', 'Lion', 'Lion', '2025-02-06 16:26:17', 'root@localhost'),
(998, 57, 'Vale', 'Vale', 'Lion', 'Lion', '2025-02-06 16:26:17', 'root@localhost'),
(999, 57, 'Vale', 'Vale', 'Lion', 'Lion', '2025-02-06 16:26:17', 'root@localhost'),
(1000, 57, 'Vale', 'Vale', 'Lion', 'Lion', '2025-02-06 16:26:18', 'root@localhost'),
(1001, 57, 'Vale', 'Vale', 'Lion', 'Lion', '2025-02-06 16:26:18', 'root@localhost'),
(1002, 57, 'Vale', 'Vale', 'Lion', 'Lion', '2025-02-06 16:26:18', 'root@localhost'),
(1003, 57, 'Vale', 'Vale', 'Lion', 'Lion', '2025-02-06 16:26:18', 'root@localhost'),
(1004, 57, 'Vale', 'Vale', 'Lion', 'Lion', '2025-02-06 16:26:18', 'root@localhost'),
(1005, 57, 'Vale', 'Vale', 'Lion', 'Lion', '2025-02-06 16:26:18', 'root@localhost'),
(1006, 57, 'Vale', 'Vale', 'Lion', 'Lion', '2025-02-06 16:26:18', 'root@localhost'),
(1007, 57, 'Vale', 'Vale', 'Lion', 'Lion', '2025-02-06 16:26:18', 'root@localhost'),
(1008, 57, 'Vale', 'Vale', 'Lion', 'Lion', '2025-02-06 16:26:18', 'root@localhost'),
(1009, 57, 'Vale', 'Vale', 'Lion', 'Lion', '2025-02-06 16:26:18', 'root@localhost'),
(1010, 57, 'Vale', 'Vale', 'Lion', 'Lion', '2025-02-06 16:26:18', 'root@localhost'),
(1011, 57, 'Vale', 'Vale', 'Lion', 'Lion', '2025-02-06 16:26:18', 'root@localhost'),
(1012, 57, 'Vale', 'Vale', 'Lion', 'Lion', '2025-02-06 16:26:18', 'root@localhost'),
(1013, 57, 'Vale', 'Vale', 'Lion', 'Lion', '2025-02-06 16:26:18', 'root@localhost'),
(1014, 57, 'Vale', 'Vale', 'Lion', 'Lion', '2025-02-06 16:26:18', 'root@localhost'),
(1015, 57, 'Vale', 'Vale', 'Lion', 'Lion', '2025-02-06 16:26:18', 'root@localhost'),
(1016, 57, 'Vale', 'Vale', 'Lion', 'Lion', '2025-02-06 16:26:18', 'root@localhost'),
(1017, 57, 'Vale', 'Vale', 'Lion', 'Lion', '2025-02-06 16:26:18', 'root@localhost'),
(1018, 57, 'Vale', 'Vale', 'Lion', 'Lion', '2025-02-06 16:26:18', 'root@localhost'),
(1019, 57, 'Vale', 'Vale', 'Lion', 'Lion', '2025-02-06 16:26:18', 'root@localhost'),
(1020, 57, 'Vale', 'Vale', 'Lion', 'Lion', '2025-02-06 16:26:18', 'root@localhost'),
(1021, 57, 'Vale', 'Vale', 'Lion', 'Lion', '2025-02-06 16:26:18', 'root@localhost'),
(1022, 57, 'Vale', 'Vale', 'Lion', 'Lion', '2025-02-06 16:26:18', 'root@localhost'),
(1023, 57, 'Vale', 'Vale', 'Lion', 'Lion', '2025-02-06 16:26:18', 'root@localhost'),
(1024, 57, 'Vale', 'Vale', 'Lion', 'Lion', '2025-02-06 16:26:18', 'root@localhost'),
(1025, 57, 'Vale', 'Vale', 'Lion', 'Lion', '2025-02-06 16:26:18', 'root@localhost'),
(1026, 57, 'Vale', 'Vale', 'Lion', 'Lion', '2025-02-06 16:26:18', 'root@localhost'),
(1027, 57, 'Vale', 'Vale', 'Lion', 'Lion', '2025-02-06 16:26:18', 'root@localhost'),
(1028, 57, 'Vale', 'Vale', 'Lion', 'Lion', '2025-02-06 16:26:18', 'root@localhost'),
(1029, 57, 'Vale', 'Vale', 'Lion', 'Lion', '2025-02-06 16:26:19', 'root@localhost'),
(1030, 57, 'Vale', 'Vale', 'Lion', 'Lion', '2025-02-06 16:26:19', 'root@localhost'),
(1031, 57, 'Vale', 'Vale', 'Lion', 'Lion', '2025-02-06 16:26:19', 'root@localhost'),
(1032, 57, 'Vale', 'Vale', 'Lion', 'Lion', '2025-02-06 16:26:19', 'root@localhost'),
(1033, 57, 'Vale', 'Vale', 'Lion', 'Lion', '2025-02-06 16:26:19', 'root@localhost'),
(1034, 57, 'Vale', 'Vale', 'Lion', 'Lion', '2025-02-06 16:26:19', 'root@localhost'),
(1035, 57, 'Vale', 'Vale', 'Lion', 'Lion', '2025-02-06 16:26:19', 'root@localhost'),
(1036, 57, 'Vale', 'Vale', 'Lion', 'Lion', '2025-02-06 16:26:19', 'root@localhost'),
(1037, 57, 'Vale', 'Vale', 'Lion', 'Lion', '2025-02-06 16:26:19', 'root@localhost'),
(1038, 57, 'Vale', 'Vale', 'Lion', 'Lion', '2025-02-06 16:26:19', 'root@localhost'),
(1039, 57, 'Vale', 'Vale', 'Lion', 'Lion', '2025-02-06 16:26:19', 'root@localhost'),
(1040, 57, 'Vale', 'Vale', 'Lion', 'Lion', '2025-02-06 16:26:19', 'root@localhost'),
(1041, 57, 'Vale', 'Vale', 'Lion', 'Lion', '2025-02-06 16:26:19', 'root@localhost'),
(1042, 57, 'Vale', 'Vale', 'Lion', 'Lion', '2025-02-06 16:26:19', 'root@localhost'),
(1043, 57, 'Vale', 'Vale', 'Lion', 'Lion', '2025-02-06 16:26:19', 'root@localhost'),
(1044, 57, 'Vale', 'Vale', 'Lion', 'Lion', '2025-02-06 16:26:19', 'root@localhost'),
(1045, 57, 'Vale', 'Vale', 'Lion', 'Lion', '2025-02-06 16:26:19', 'root@localhost'),
(1046, 57, 'Vale', 'Vale', 'Lion', 'Lion', '2025-02-06 16:26:19', 'root@localhost'),
(1047, 57, 'Vale', 'Vale', 'Lion', 'Lion', '2025-02-06 16:26:19', 'root@localhost'),
(1048, 57, 'Vale', 'Vale', 'Lion', 'Lion', '2025-02-06 16:26:19', 'root@localhost'),
(1049, 57, 'Vale', 'Vale', 'Lion', 'Lion', '2025-02-06 16:26:19', 'root@localhost'),
(1050, 57, 'Vale', 'Vale', 'Lion', 'Lion', '2025-02-06 16:26:19', 'root@localhost'),
(1051, 57, 'Vale', 'Vale', 'Lion', 'Lion', '2025-02-06 16:26:19', 'root@localhost'),
(1052, 57, 'Vale', 'Vale', 'Lion', 'Lion', '2025-02-06 16:26:20', 'root@localhost'),
(1053, 57, 'Vale', 'Vale', 'Lion', 'Lion', '2025-02-06 16:26:20', 'root@localhost'),
(1054, 57, 'Vale', 'Vale', 'Lion', 'Lion', '2025-02-06 16:26:20', 'root@localhost'),
(1055, 57, 'Vale', 'Vale', 'Lion', 'Lion', '2025-02-06 16:26:20', 'root@localhost'),
(1056, 57, 'Vale', 'Vale', 'Lion', 'Lion', '2025-02-06 16:26:20', 'root@localhost'),
(1057, 57, 'Vale', 'Vale', 'Lion', 'Lion', '2025-02-06 16:26:20', 'root@localhost'),
(1058, 57, 'Vale', 'Vale', 'Lion', 'Lion', '2025-02-06 16:26:20', 'root@localhost'),
(1059, 57, 'Vale', 'Vale', 'Lion', 'Lion', '2025-02-06 16:26:20', 'root@localhost'),
(1060, 57, 'Vale', 'Vale', 'Lion', 'Lion', '2025-02-06 16:26:20', 'root@localhost'),
(1061, 57, 'Vale', 'Vale', 'Lion', 'Lion', '2025-02-06 16:26:20', 'root@localhost'),
(1062, 57, 'Vale', 'Vale', 'Lion', 'Lion', '2025-02-06 16:26:20', 'root@localhost'),
(1063, 57, 'Vale', 'Vale', 'Lion', 'Lion', '2025-02-06 16:26:20', 'root@localhost'),
(1064, 57, 'Vale', 'Vale', 'Lion', 'Lion', '2025-02-06 16:26:20', 'root@localhost'),
(1065, 57, 'Vale', 'Vale', 'Lion', 'Lion', '2025-02-06 16:26:20', 'root@localhost'),
(1066, 57, 'Vale', 'Vale', 'Lion', 'Lion', '2025-02-06 16:26:20', 'root@localhost'),
(1067, 57, 'Vale', 'Vale', 'Lion', 'Lion', '2025-02-06 16:26:20', 'root@localhost'),
(1068, 57, 'Vale', 'Vale', 'Lion', 'Lion', '2025-02-06 16:26:20', 'root@localhost'),
(1069, 57, 'Vale', 'Vale', 'Lion', 'Lion', '2025-02-06 16:26:20', 'root@localhost'),
(1070, 57, 'Vale', 'Vale', 'Lion', 'Lion', '2025-02-06 16:26:20', 'root@localhost'),
(1071, 57, 'Vale', 'Vale', 'Lion', 'Lion', '2025-02-06 16:26:20', 'root@localhost'),
(1072, 57, 'Vale', 'Vale', 'Lion', 'Lion', '2025-02-06 16:26:20', 'root@localhost'),
(1073, 57, 'Vale', 'Vale', 'Lion', 'Lion', '2025-02-06 16:26:20', 'root@localhost'),
(1074, 57, 'Vale', 'Vale', 'Lion', 'Lion', '2025-02-06 16:26:20', 'root@localhost'),
(1075, 57, 'Vale', 'Vale', 'Lion', 'Lion', '2025-02-06 16:26:20', 'root@localhost'),
(1076, 57, 'Vale', 'Vale', 'Lion', 'Lion', '2025-02-06 16:26:20', 'root@localhost'),
(1077, 57, 'Vale', 'Vale', 'Lion', 'Lion', '2025-02-06 16:26:20', 'root@localhost'),
(1078, 57, 'Vale', 'Vale', 'Lion', 'Lion', '2025-02-06 16:26:20', 'root@localhost'),
(1079, 57, 'Vale', 'Vale', 'Lion', 'Lion', '2025-02-06 16:26:20', 'root@localhost'),
(1080, 57, 'Vale', 'Vale', 'Lion', 'Lion', '2025-02-06 16:26:21', 'root@localhost'),
(1081, 57, 'Vale', 'Vale', 'Lion', 'Lion', '2025-02-06 16:26:21', 'root@localhost'),
(1082, 57, 'Vale', 'Vale', 'Lion', 'Lion', '2025-02-06 16:26:21', 'root@localhost'),
(1083, 57, 'Vale', 'Vale', 'Lion', 'Lion', '2025-02-06 16:26:21', 'root@localhost'),
(1084, 57, 'Vale', 'Vale', 'Lion', 'Lion', '2025-02-06 16:26:21', 'root@localhost'),
(1085, 57, 'Vale', 'Vale', 'Lion', 'Lion', '2025-02-06 16:26:21', 'root@localhost'),
(1086, 57, 'Vale', 'Vale', 'Lion', 'Lion', '2025-02-06 16:26:21', 'root@localhost'),
(1087, 57, 'Vale', 'Vale', 'Lion', 'Lion', '2025-02-06 16:26:21', 'root@localhost'),
(1088, 57, 'Vale', 'Vale', 'Lion', 'Lion', '2025-02-06 16:26:21', 'root@localhost'),
(1089, 57, 'Vale', 'Vale', 'Lion', 'Lion', '2025-02-06 16:26:21', 'root@localhost'),
(1090, 57, 'Vale', 'Vale', 'Lion', 'Lion', '2025-02-06 16:26:21', 'root@localhost'),
(1091, 57, 'Vale', 'Vale', 'Lion', 'Lion', '2025-02-06 16:26:21', 'root@localhost'),
(1092, 57, 'Vale', 'Vale', 'Lion', 'Lion', '2025-02-06 16:26:21', 'root@localhost'),
(1093, 57, 'Vale', 'Vale', 'Lion', 'Lion', '2025-02-06 16:26:21', 'root@localhost'),
(1094, 57, 'Vale', 'Vale', 'Lion', 'Lion', '2025-02-06 16:26:21', 'root@localhost'),
(1095, 57, 'Vale', 'Vale', 'Lion', 'Lion', '2025-02-06 16:26:21', 'root@localhost'),
(1096, 57, 'Vale', 'Vale', 'Lion', 'Lion', '2025-02-06 16:26:21', 'root@localhost'),
(1097, 57, 'Vale', 'Vale', 'Lion', 'Lion', '2025-02-06 16:26:22', 'root@localhost'),
(1098, 57, 'Vale', 'Vale', 'Lion', 'Lion', '2025-02-06 16:26:22', 'root@localhost'),
(1099, 57, 'Vale', 'Vale', 'Lion', 'Lion', '2025-02-06 16:26:22', 'root@localhost'),
(1100, 57, 'Vale', 'Vale', 'Lion', 'Lion', '2025-02-06 16:26:22', 'root@localhost'),
(1101, 57, 'Vale', 'Vale', 'Lion', 'Lion', '2025-02-06 16:26:22', 'root@localhost'),
(1102, 57, 'Vale', 'Vale', 'Lion', 'Lion', '2025-02-06 16:26:22', 'root@localhost'),
(1103, 57, 'Vale', 'Vale', 'Lion', 'Lion', '2025-02-06 16:26:22', 'root@localhost'),
(1104, 57, 'Vale', 'Vale', 'Lion', 'Lion', '2025-02-06 16:26:22', 'root@localhost'),
(1105, 57, 'Vale', 'Vale', 'Lion', 'Lion', '2025-02-06 16:26:22', 'root@localhost'),
(1106, 57, 'Vale', 'Vale', 'Lion', 'Lion', '2025-02-06 16:26:22', 'root@localhost'),
(1107, 57, 'Vale', 'Vale', 'Lion', 'Lion', '2025-02-06 16:26:22', 'root@localhost'),
(1108, 57, 'Vale', 'Vale', 'Lion', 'Lion', '2025-02-06 16:26:22', 'root@localhost'),
(1109, 57, 'Vale', 'Vale', 'Lion', 'Lion', '2025-02-06 16:26:22', 'root@localhost'),
(1110, 57, 'Vale', 'Vale', 'Lion', 'Lion', '2025-02-06 16:26:22', 'root@localhost'),
(1111, 57, 'Vale', 'Vale', 'Lion', 'Lion', '2025-02-06 16:26:22', 'root@localhost'),
(1112, 57, 'Vale', 'Vale', 'Lion', 'Lion', '2025-02-06 16:26:22', 'root@localhost'),
(1113, 57, 'Vale', 'Vale', 'Lion', 'Lion', '2025-02-06 16:26:22', 'root@localhost'),
(1114, 57, 'Vale', 'Vale', 'Lion', 'Lion', '2025-02-06 16:26:22', 'root@localhost'),
(1115, 57, 'Vale', 'Vale', 'Lion', 'Lion', '2025-02-06 16:26:22', 'root@localhost'),
(1116, 57, 'Vale', 'Vale', 'Lion', 'Lion', '2025-02-06 16:26:22', 'root@localhost'),
(1117, 57, 'Vale', 'Vale', 'Lion', 'Lion', '2025-02-06 16:26:22', 'root@localhost'),
(1118, 57, 'Vale', 'Vale', 'Lion', 'Lion', '2025-02-06 16:26:23', 'root@localhost'),
(1119, 57, 'Vale', 'Vale', 'Lion', 'Lion', '2025-02-06 16:26:23', 'root@localhost'),
(1120, 57, 'Vale', 'Vale', 'Lion', 'Lion', '2025-02-06 16:26:23', 'root@localhost'),
(1121, 57, 'Vale', 'Vale', 'Lion', 'Lion', '2025-02-06 16:26:23', 'root@localhost'),
(1122, 57, 'Vale', 'Vale', 'Lion', 'Lion', '2025-02-06 16:26:23', 'root@localhost'),
(1123, 57, 'Vale', 'Vale', 'Lion', 'Lion', '2025-02-06 16:26:23', 'root@localhost'),
(1124, 57, 'Vale', 'Vale', 'Lion', 'Lion', '2025-02-06 16:26:23', 'root@localhost'),
(1125, 57, 'Vale', 'Vale', 'Lion', 'Lion', '2025-02-06 16:26:23', 'root@localhost'),
(1126, 57, 'Vale', 'Vale', 'Lion', 'Lion', '2025-02-06 16:26:23', 'root@localhost'),
(1127, 57, 'Vale', 'Vale', 'Lion', 'Lion', '2025-02-06 16:26:23', 'root@localhost'),
(1128, 57, 'Vale', 'Vale', 'Lion', 'Lion', '2025-02-06 16:26:23', 'root@localhost'),
(1129, 57, 'Vale', 'Vale', 'Lion', 'Lion', '2025-02-06 16:26:23', 'root@localhost'),
(1130, 57, 'Vale', 'Vale', 'Lion', 'Lion', '2025-02-06 16:26:23', 'root@localhost'),
(1131, 57, 'Vale', 'Vale', 'Lion', 'Lion', '2025-02-06 16:26:23', 'root@localhost'),
(1132, 57, 'Vale', 'Vale', 'Lion', 'Lion', '2025-02-06 16:26:23', 'root@localhost'),
(1133, 57, 'Vale', 'Vale', 'Lion', 'Lion', '2025-02-06 16:26:23', 'root@localhost'),
(1134, 57, 'Vale', 'Vale', 'Lion', 'Lion', '2025-02-06 16:26:23', 'root@localhost'),
(1135, 57, 'Vale', 'Vale', 'Lion', 'Lion', '2025-02-06 16:26:24', 'root@localhost'),
(1136, 57, 'Vale', 'Vale', 'Lion', 'Lion', '2025-02-06 16:26:24', 'root@localhost'),
(1137, 57, 'Vale', 'Vale', 'Lion', 'Lion', '2025-02-06 16:26:24', 'root@localhost'),
(1138, 57, 'Vale', 'Vale', 'Lion', 'Lion', '2025-02-06 16:26:24', 'root@localhost'),
(1139, 57, 'Vale', 'Vale', 'Lion', 'Lion', '2025-02-06 16:26:24', 'root@localhost'),
(1140, 57, 'Vale', 'Vale', 'Lion', 'Lion', '2025-02-06 16:26:24', 'root@localhost'),
(1141, 57, 'Vale', 'Vale', 'Lion', 'Lion', '2025-02-06 16:26:24', 'root@localhost'),
(1142, 57, 'Vale', 'Vale', 'Lion', 'Lion', '2025-02-06 16:26:24', 'root@localhost'),
(1143, 57, 'Vale', 'Vale', 'Lion', 'Lion', '2025-02-06 16:26:24', 'root@localhost'),
(1144, 57, 'Vale', 'Vale', 'Lion', 'Lion', '2025-02-06 16:26:24', 'root@localhost'),
(1145, 57, 'Vale', 'Vale', 'Lion', 'Lion', '2025-02-06 16:26:24', 'root@localhost'),
(1146, 57, 'Vale', 'Vale', 'Lion', 'Lion', '2025-02-06 16:26:24', 'root@localhost'),
(1147, 57, 'Vale', 'Vale', 'Lion', 'Lion', '2025-02-06 16:26:24', 'root@localhost'),
(1148, 57, 'Vale', 'Vale', 'Lion', 'Lion', '2025-02-06 16:26:24', 'root@localhost'),
(1149, 57, 'Vale', 'Vale', 'Lion', 'Lion', '2025-02-06 16:26:24', 'root@localhost'),
(1150, 57, 'Vale', 'Vale', 'Lion', 'Lion', '2025-02-06 16:26:24', 'root@localhost'),
(1151, 57, 'Vale', 'Vale', 'Lion', 'Lion', '2025-02-06 16:26:24', 'root@localhost'),
(1152, 57, 'Vale', 'Vale', 'Lion', 'Lion', '2025-02-06 16:26:24', 'root@localhost'),
(1153, 57, 'Vale', 'Vale', 'Lion', 'Lion', '2025-02-06 16:26:24', 'root@localhost'),
(1154, 57, 'Vale', 'Vale', 'Lion', 'Lion', '2025-02-06 16:26:24', 'root@localhost'),
(1155, 57, 'Vale', 'Vale', 'Lion', 'Lion', '2025-02-06 16:26:24', 'root@localhost'),
(1156, 57, 'Vale', 'Vale', 'Lion', 'Lion', '2025-02-06 16:26:24', 'root@localhost'),
(1157, 57, 'Vale', 'Vale', 'Lion', 'Lion', '2025-02-06 16:26:24', 'root@localhost'),
(1158, 57, 'Vale', 'Vale', 'Lion', 'Lion', '2025-02-06 16:26:24', 'root@localhost'),
(1159, 57, 'Vale', 'Vale', 'Lion', 'Lion', '2025-02-06 16:26:24', 'root@localhost'),
(1160, 57, 'Vale', 'Vale', 'Lion', 'Lion', '2025-02-06 16:26:25', 'root@localhost'),
(1161, 57, 'Vale', 'Vale', 'Lion', 'Lion', '2025-02-06 16:26:25', 'root@localhost'),
(1162, 57, 'Vale', 'Vale', 'Lion', 'Lion', '2025-02-06 16:26:25', 'root@localhost'),
(1163, 57, 'Vale', 'Vale', 'Lion', 'Lion', '2025-02-06 16:26:25', 'root@localhost'),
(1164, 57, 'Vale', 'Vale', 'Lion', 'Lion', '2025-02-06 16:26:25', 'root@localhost'),
(1165, 57, 'Vale', 'Vale', 'Lion', 'Lion', '2025-02-06 16:26:25', 'root@localhost'),
(1166, 57, 'Vale', 'Vale', 'Lion', 'Lion', '2025-02-06 16:26:25', 'root@localhost'),
(1167, 57, 'Vale', 'Vale', 'Lion', 'Lion', '2025-02-06 16:26:25', 'root@localhost'),
(1168, 57, 'Vale', 'Vale', 'Lion', 'Lion', '2025-02-06 16:26:25', 'root@localhost'),
(1169, 57, 'Vale', 'Vale', 'Lion', 'Lion', '2025-02-06 16:26:25', 'root@localhost'),
(1170, 57, 'Vale', 'Vale', 'Lion', 'Lion', '2025-02-06 16:26:25', 'root@localhost'),
(1171, 57, 'Vale', 'Vale', 'Lion', 'Lion', '2025-02-06 16:26:25', 'root@localhost'),
(1172, 57, 'Vale', 'Vale', 'Lion', 'Lion', '2025-02-06 16:26:25', 'root@localhost'),
(1173, 57, 'Vale', 'Vale', 'Lion', 'Lion', '2025-02-06 16:26:25', 'root@localhost'),
(1174, 57, 'Vale', 'Vale', 'Lion', 'Lion', '2025-02-06 16:26:25', 'root@localhost'),
(1175, 57, 'Vale', 'Vale', 'Lion', 'Lion', '2025-02-06 16:26:25', 'root@localhost'),
(1176, 57, 'Vale', 'Vale', 'Lion', 'Lion', '2025-02-06 16:26:25', 'root@localhost'),
(1177, 57, 'Vale', 'Vale', 'Lion', 'Lion', '2025-02-06 16:26:25', 'root@localhost'),
(1178, 57, 'Vale', 'Vale', 'Lion', 'Lion', '2025-02-06 16:26:25', 'root@localhost'),
(1179, 57, 'Vale', 'Vale', 'Lion', 'Lion', '2025-02-06 16:26:25', 'root@localhost'),
(1180, 57, 'Vale', 'Vale', 'Lion', 'Lion', '2025-02-06 16:26:25', 'root@localhost'),
(1181, 57, 'Vale', 'Vale', 'Lion', 'Lion', '2025-02-06 16:26:25', 'root@localhost'),
(1182, 57, 'Vale', 'Vale', 'Lion', 'Lion', '2025-02-06 16:26:25', 'root@localhost'),
(1183, 57, 'Vale', 'Vale', 'Lion', 'Lion', '2025-02-06 16:26:25', 'root@localhost'),
(1184, 57, 'Vale', 'Vale', 'Lion', 'Lion', '2025-02-06 16:26:25', 'root@localhost'),
(1185, 57, 'Vale', 'Vale', 'Lion', 'Lion', '2025-02-06 16:26:25', 'root@localhost'),
(1186, 57, 'Vale', 'Vale', 'Lion', 'Lion', '2025-02-06 16:26:25', 'root@localhost'),
(1187, 57, 'Vale', 'Vale', 'Lion', 'Lion', '2025-02-06 16:26:26', 'root@localhost'),
(1188, 57, 'Vale', 'Vale', 'Lion', 'Lion', '2025-02-06 16:26:26', 'root@localhost'),
(1189, 57, 'Vale', 'Vale', 'Lion', 'Lion', '2025-02-06 16:26:26', 'root@localhost'),
(1190, 57, 'Vale', 'Vale', 'Lion', 'Lion', '2025-02-06 16:26:26', 'root@localhost'),
(1191, 57, 'Vale', 'Vale', 'Lion', 'Lion', '2025-02-06 16:26:26', 'root@localhost'),
(1192, 57, 'Vale', 'Vale', 'Lion', 'Lion', '2025-02-06 16:26:26', 'root@localhost'),
(1193, 57, 'Vale', 'Vale', 'Lion', 'Lion', '2025-02-06 16:26:26', 'root@localhost'),
(1194, 57, 'Vale', 'Vale', 'Lion', 'Lion', '2025-02-06 16:26:26', 'root@localhost'),
(1195, 57, 'Vale', 'Vale', 'Lion', 'Lion', '2025-02-06 16:26:26', 'root@localhost'),
(1196, 57, 'Vale', 'Vale', 'Lion', 'Lion', '2025-02-06 16:26:26', 'root@localhost'),
(1197, 57, 'Vale', 'Vale', 'Lion', 'Lion', '2025-02-06 16:26:26', 'root@localhost'),
(1198, 57, 'Vale', 'Vale', 'Lion', 'Lion', '2025-02-06 16:26:26', 'root@localhost'),
(1199, 57, 'Vale', 'Vale', 'Lion', 'Lion', '2025-02-06 16:26:26', 'root@localhost'),
(1200, 57, 'Vale', 'Vale', 'Lion', 'Lion', '2025-02-06 16:26:26', 'root@localhost'),
(1201, 57, 'Vale', 'Vale', 'Lion', 'Lion', '2025-02-06 16:26:26', 'root@localhost'),
(1202, 57, 'Vale', 'Vale', 'Lion', 'Lion', '2025-02-06 16:26:26', 'root@localhost'),
(1203, 57, 'Vale', 'Vale', 'Lion', 'Lion', '2025-02-06 16:26:26', 'root@localhost'),
(1204, 57, 'Vale', 'Vale', 'Lion', 'Lion', '2025-02-06 16:26:26', 'root@localhost'),
(1205, 57, 'Vale', 'Vale', 'Lion', 'Lion', '2025-02-06 16:26:26', 'root@localhost'),
(1206, 57, 'Vale', 'Vale', 'Lion', 'Lion', '2025-02-06 16:26:27', 'root@localhost'),
(1207, 57, 'Vale', 'Vale', 'Lion', 'Lion', '2025-02-06 16:26:27', 'root@localhost'),
(1208, 57, 'Vale', 'Vale', 'Lion', 'Lion', '2025-02-06 16:26:27', 'root@localhost'),
(1209, 57, 'Vale', 'Vale', 'Lion', 'Lion', '2025-02-06 16:26:27', 'root@localhost'),
(1210, 57, 'Vale', 'Vale', 'Lion', 'Lion', '2025-02-06 16:26:27', 'root@localhost'),
(1211, 57, 'Vale', 'Vale', 'Lion', 'Lion', '2025-02-06 16:26:27', 'root@localhost'),
(1212, 57, 'Vale', 'Vale', 'Lion', 'Lion', '2025-02-06 16:26:27', 'root@localhost'),
(1213, 57, 'Vale', 'Vale', 'Lion', 'Lion', '2025-02-06 16:26:27', 'root@localhost'),
(1214, 57, 'Vale', 'Vale', 'Lion', 'Lion', '2025-02-06 16:26:27', 'root@localhost'),
(1215, 57, 'Vale', 'Vale', 'Lion', 'Lion', '2025-02-06 16:26:27', 'root@localhost'),
(1216, 57, 'Vale', 'Vale', 'Lion', 'Lion', '2025-02-06 16:26:27', 'root@localhost'),
(1217, 57, 'Vale', 'Vale', 'Lion', 'Lion', '2025-02-06 16:26:27', 'root@localhost'),
(1218, 57, 'Vale', 'Vale', 'Lion', 'Lion', '2025-02-06 16:26:27', 'root@localhost'),
(1219, 57, 'Vale', 'Vale', 'Lion', 'Lion', '2025-02-06 16:26:27', 'root@localhost'),
(1220, 57, 'Vale', 'Vale', 'Lion', 'Lion', '2025-02-06 16:26:27', 'root@localhost'),
(1221, 57, 'Vale', 'Vale', 'Lion', 'Lion', '2025-02-06 16:26:27', 'root@localhost'),
(1222, 57, 'Vale', 'Vale', 'Lion', 'Lion', '2025-02-06 16:26:27', 'root@localhost'),
(1223, 57, 'Vale', 'Vale', 'Lion', 'Lion', '2025-02-06 16:26:27', 'root@localhost'),
(1224, 57, 'Vale', 'Vale', 'Lion', 'Lion', '2025-02-06 16:26:27', 'root@localhost'),
(1225, 57, 'Vale', 'Vale', 'Lion', 'Lion', '2025-02-06 16:26:27', 'root@localhost'),
(1226, 57, 'Vale', 'Vale', 'Lion', 'Lion', '2025-02-06 16:26:27', 'root@localhost'),
(1227, 57, 'Vale', 'Vale', 'Lion', 'Lion', '2025-02-06 16:26:27', 'root@localhost'),
(1228, 57, 'Vale', 'Vale', 'Lion', 'Lion', '2025-02-06 16:26:27', 'root@localhost'),
(1229, 57, 'Vale', 'Vale', 'Lion', 'Lion', '2025-02-06 16:26:28', 'root@localhost'),
(1230, 57, 'Vale', 'Vale', 'Lion', 'Lion', '2025-02-06 16:26:28', 'root@localhost'),
(1231, 57, 'Vale', 'Vale', 'Lion', 'Lion', '2025-02-06 16:26:28', 'root@localhost'),
(1232, 57, 'Vale', 'Vale', 'Lion', 'Lion', '2025-02-06 16:26:28', 'root@localhost'),
(1233, 57, 'Vale', 'Vale', 'Lion', 'Lion', '2025-02-06 16:26:28', 'root@localhost'),
(1234, 57, 'Vale', 'Vale', 'Lion', 'Lion', '2025-02-06 16:26:28', 'root@localhost'),
(1235, 57, 'Vale', 'Vale', 'Lion', 'Lion', '2025-02-06 16:26:28', 'root@localhost'),
(1236, 57, 'Vale', 'Vale', 'Lion', 'Lion', '2025-02-06 16:26:28', 'root@localhost'),
(1237, 57, 'Vale', 'Vale', 'Lion', 'Lion', '2025-02-06 16:26:28', 'root@localhost'),
(1238, 57, 'Vale', 'Vale', 'Lion', 'Lion', '2025-02-06 16:26:28', 'root@localhost'),
(1239, 57, 'Vale', 'Vale', 'Lion', 'Lion', '2025-02-06 16:26:28', 'root@localhost'),
(1240, 57, 'Vale', 'Vale', 'Lion', 'Lion', '2025-02-06 16:26:28', 'root@localhost'),
(1241, 57, 'Vale', 'Vale', 'Lion', 'Lion', '2025-02-06 16:26:28', 'root@localhost'),
(1242, 57, 'Vale', 'Vale', 'Lion', 'Lion', '2025-02-06 16:26:28', 'root@localhost'),
(1243, 57, 'Vale', 'Vale', 'Lion', 'Lion', '2025-02-06 16:26:28', 'root@localhost'),
(1244, 57, 'Vale', 'Vale', 'Lion', 'Lion', '2025-02-06 16:26:28', 'root@localhost'),
(1245, 57, 'Vale', 'Vale', 'Lion', 'Lion', '2025-02-06 16:26:28', 'root@localhost'),
(1246, 57, 'Vale', 'Vale', 'Lion', 'Lion', '2025-02-06 16:26:28', 'root@localhost'),
(1247, 57, 'Vale', 'Vale', 'Lion', 'Lion', '2025-02-06 16:26:28', 'root@localhost'),
(1248, 57, 'Vale', 'Vale', 'Lion', 'Lion', '2025-02-06 16:26:28', 'root@localhost'),
(1249, 57, 'Vale', 'Vale', 'Lion', 'Lion', '2025-02-06 16:26:28', 'root@localhost'),
(1250, 57, 'Vale', 'Vale', 'Lion', 'Lion', '2025-02-06 16:26:29', 'root@localhost'),
(1251, 57, 'Vale', 'Vale', 'Lion', 'Lion', '2025-02-06 16:26:29', 'root@localhost'),
(1252, 57, 'Vale', 'Vale', 'Lion', 'Lion', '2025-02-06 16:26:29', 'root@localhost'),
(1253, 57, 'Vale', 'Vale', 'Lion', 'Lion', '2025-02-06 16:26:29', 'root@localhost'),
(1254, 57, 'Vale', 'Vale', 'Lion', 'Lion', '2025-02-06 16:26:29', 'root@localhost'),
(1255, 57, 'Vale', 'Vale', 'Lion', 'Lion', '2025-02-06 16:26:29', 'root@localhost'),
(1256, 57, 'Vale', 'Vale', 'Lion', 'Lion', '2025-02-06 16:26:29', 'root@localhost'),
(1257, 57, 'Vale', 'Vale', 'Lion', 'Lion', '2025-02-06 16:26:29', 'root@localhost'),
(1258, 57, 'Vale', 'Vale', 'Lion', 'Lion', '2025-02-06 16:26:29', 'root@localhost'),
(1259, 57, 'Vale', 'Vale', 'Lion', 'Lion', '2025-02-06 16:26:29', 'root@localhost'),
(1260, 57, 'Vale', 'Vale', 'Lion', 'Lion', '2025-02-06 16:26:29', 'root@localhost'),
(1261, 57, 'Vale', 'Vale', 'Lion', 'Lion', '2025-02-06 16:26:29', 'root@localhost'),
(1262, 57, 'Vale', 'Vale', 'Lion', 'Lion', '2025-02-06 16:26:29', 'root@localhost'),
(1263, 57, 'Vale', 'Vale', 'Lion', 'Lion', '2025-02-06 16:26:29', 'root@localhost'),
(1264, 57, 'Vale', 'Vale', 'Lion', 'Lion', '2025-02-06 16:26:29', 'root@localhost'),
(1265, 57, 'Vale', 'Vale', 'Lion', 'Lion', '2025-02-06 16:26:29', 'root@localhost'),
(1266, 57, 'Vale', 'Vale', 'Lion', 'Lion', '2025-02-06 16:26:30', 'root@localhost'),
(1267, 57, 'Vale', 'Vale', 'Lion', 'Lion', '2025-02-06 16:26:30', 'root@localhost'),
(1268, 57, 'Vale', 'Vale', 'Lion', 'Lion', '2025-02-06 16:26:30', 'root@localhost'),
(1269, 57, 'Vale', 'Vale', 'Lion', 'Lion', '2025-02-06 16:26:30', 'root@localhost'),
(1270, 57, 'Vale', 'Vale', 'Lion', 'Lion', '2025-02-06 16:26:30', 'root@localhost'),
(1271, 57, 'Vale', 'Vale', 'Lion', 'Lion', '2025-02-06 16:26:30', 'root@localhost'),
(1272, 57, 'Vale', 'Vale', 'Lion', 'Lion', '2025-02-06 16:26:30', 'root@localhost'),
(1273, 57, 'Vale', 'Vale', 'Lion', 'Lion', '2025-02-06 16:26:30', 'root@localhost'),
(1274, 57, 'Vale', 'Vale', 'Lion', 'Lion', '2025-02-06 16:26:30', 'root@localhost'),
(1275, 57, 'Vale', 'Vale', 'Lion', 'Lion', '2025-02-06 16:26:30', 'root@localhost'),
(1276, 57, 'Vale', 'Vale', 'Lion', 'Lion', '2025-02-06 16:26:30', 'root@localhost'),
(1277, 57, 'Vale', 'Vale', 'Lion', 'Lion', '2025-02-06 16:26:30', 'root@localhost'),
(1278, 57, 'Vale', 'Vale', 'Lion', 'Lion', '2025-02-06 16:26:30', 'root@localhost'),
(1279, 57, 'Vale', 'Vale', 'Lion', 'Lion', '2025-02-06 16:26:30', 'root@localhost'),
(1280, 57, 'Vale', 'Vale', 'Lion', 'Lion', '2025-02-06 16:26:30', 'root@localhost'),
(1281, 57, 'Vale', 'Vale', 'Lion', 'Lion', '2025-02-06 16:26:30', 'root@localhost'),
(1282, 57, 'Vale', 'Vale', 'Lion', 'Lion', '2025-02-06 16:26:30', 'root@localhost'),
(1283, 57, 'Vale', 'Vale', 'Lion', 'Lion', '2025-02-06 16:26:30', 'root@localhost'),
(1284, 57, 'Vale', 'Vale', 'Lion', 'Lion', '2025-02-06 16:26:30', 'root@localhost'),
(1285, 57, 'Vale', 'Vale', 'Lion', 'Lion', '2025-02-06 16:26:30', 'root@localhost'),
(1286, 57, 'Vale', 'Vale', 'Lion', 'Lion', '2025-02-06 16:26:30', 'root@localhost'),
(1287, 57, 'Vale', 'Vale', 'Lion', 'Lion', '2025-02-06 16:26:31', 'root@localhost'),
(1288, 57, 'Vale', 'Vale', 'Lion', 'Lion', '2025-02-06 16:26:31', 'root@localhost'),
(1289, 57, 'Vale', 'Vale', 'Lion', 'Lion', '2025-02-06 16:26:31', 'root@localhost'),
(1290, 57, 'Vale', 'Vale', 'Lion', 'Lion', '2025-02-06 16:26:31', 'root@localhost'),
(1291, 57, 'Vale', 'Vale', 'Lion', 'Lion', '2025-02-06 16:26:31', 'root@localhost'),
(1292, 57, 'Vale', 'Vale', 'Lion', 'Lion', '2025-02-06 16:26:31', 'root@localhost'),
(1293, 57, 'Vale', 'Vale', 'Lion', 'Lion', '2025-02-06 16:26:31', 'root@localhost'),
(1294, 57, 'Vale', 'Vale', 'Lion', 'Lion', '2025-02-06 16:26:31', 'root@localhost'),
(1295, 57, 'Vale', 'Vale', 'Lion', 'Lion', '2025-02-06 16:26:31', 'root@localhost'),
(1296, 57, 'Vale', 'Vale', 'Lion', 'Lion', '2025-02-06 16:26:31', 'root@localhost'),
(1297, 57, 'Vale', 'Vale', 'Lion', 'Lion', '2025-02-06 16:26:31', 'root@localhost'),
(1298, 57, 'Vale', 'Vale', 'Lion', 'Lion', '2025-02-06 16:26:31', 'root@localhost'),
(1299, 57, 'Vale', 'Vale', 'Lion', 'Lion', '2025-02-06 16:26:31', 'root@localhost'),
(1300, 57, 'Vale', 'Vale', 'Lion', 'Lion', '2025-02-06 16:26:31', 'root@localhost'),
(1301, 57, 'Vale', 'Vale', 'Lion', 'Lion', '2025-02-06 16:26:31', 'root@localhost'),
(1302, 57, 'Vale', 'Vale', 'Lion', 'Lion', '2025-02-06 16:26:31', 'root@localhost'),
(1303, 57, 'Vale', 'Vale', 'Lion', 'Lion', '2025-02-06 16:26:31', 'root@localhost'),
(1304, 57, 'Vale', 'Vale', 'Lion', 'Lion', '2025-02-06 16:26:31', 'root@localhost'),
(1305, 57, 'Vale', 'Vale', 'Lion', 'Lion', '2025-02-06 16:26:31', 'root@localhost'),
(1306, 57, 'Vale', 'Vale', 'Lion', 'Lion', '2025-02-06 16:26:31', 'root@localhost'),
(1307, 57, 'Vale', 'Vale', 'Lion', 'Lion', '2025-02-06 16:26:32', 'root@localhost'),
(1308, 57, 'Vale', 'Vale', 'Lion', 'Lion', '2025-02-06 16:26:32', 'root@localhost'),
(1309, 57, 'Vale', 'Vale', 'Lion', 'Lion', '2025-02-06 16:26:32', 'root@localhost'),
(1310, 57, 'Vale', 'Vale', 'Lion', 'Lion', '2025-02-06 16:26:32', 'root@localhost'),
(1311, 57, 'Vale', 'Vale', 'Lion', 'Lion', '2025-02-06 16:26:32', 'root@localhost'),
(1312, 57, 'Vale', 'Vale', 'Lion', 'Lion', '2025-02-06 16:26:32', 'root@localhost'),
(1313, 57, 'Vale', 'Vale', 'Lion', 'Lion', '2025-02-06 16:26:32', 'root@localhost'),
(1314, 57, 'Vale', 'Vale', 'Lion', 'Lion', '2025-02-06 16:26:32', 'root@localhost'),
(1315, 57, 'Vale', 'Vale', 'Lion', 'Lion', '2025-02-06 16:26:32', 'root@localhost'),
(1316, 57, 'Vale', 'Vale', 'Lion', 'Lion', '2025-02-06 16:26:32', 'root@localhost'),
(1317, 57, 'Vale', 'Vale', 'Lion', 'Lion', '2025-02-06 16:26:32', 'root@localhost'),
(1318, 57, 'Vale', 'Vale', 'Lion', 'Lion', '2025-02-06 16:26:32', 'root@localhost'),
(1319, 57, 'Vale', 'Vale', 'Lion', 'Lion', '2025-02-06 16:26:32', 'root@localhost'),
(1320, 57, 'Vale', 'Vale', 'Lion', 'Lion', '2025-02-06 16:26:32', 'root@localhost'),
(1321, 57, 'Vale', 'Vale', 'Lion', 'Lion', '2025-02-06 16:26:32', 'root@localhost'),
(1322, 57, 'Vale', 'Vale', 'Lion', 'Lion', '2025-02-06 16:26:32', 'root@localhost'),
(1323, 57, 'Vale', 'Vale', 'Lion', 'Lion', '2025-02-06 16:26:32', 'root@localhost'),
(1324, 57, 'Vale', 'Vale', 'Lion', 'Lion', '2025-02-06 16:26:32', 'root@localhost'),
(1325, 57, 'Vale', 'Vale', 'Lion', 'Lion', '2025-02-06 16:26:32', 'root@localhost'),
(1326, 57, 'Vale', 'Vale', 'Lion', 'Lion', '2025-02-06 16:26:32', 'root@localhost'),
(1327, 57, 'Vale', 'Vale', 'Lion', 'Lion', '2025-02-06 16:26:32', 'root@localhost'),
(1328, 57, 'Vale', 'Vale', 'Lion', 'Lion', '2025-02-06 16:26:32', 'root@localhost'),
(1329, 57, 'Vale', 'Vale', 'Lion', 'Lion', '2025-02-06 16:26:33', 'root@localhost'),
(1330, 57, 'Vale', 'Vale', 'Lion', 'Lion', '2025-02-06 16:26:33', 'root@localhost'),
(1331, 57, 'Vale', 'Vale', 'Lion', 'Lion', '2025-02-06 16:26:33', 'root@localhost'),
(1332, 57, 'Vale', 'Vale', 'Lion', 'Lion', '2025-02-06 16:26:33', 'root@localhost'),
(1333, 57, 'Vale', 'Vale', 'Lion', 'Lion', '2025-02-06 16:26:33', 'root@localhost'),
(1334, 57, 'Vale', 'Vale', 'Lion', 'Lion', '2025-02-06 16:26:33', 'root@localhost'),
(1335, 57, 'Vale', 'Vale', 'Lion', 'Lion', '2025-02-06 16:26:33', 'root@localhost'),
(1336, 57, 'Vale', 'Vale', 'Lion', 'Lion', '2025-02-06 16:26:33', 'root@localhost'),
(1337, 57, 'Vale', 'Vale', 'Lion', 'Lion', '2025-02-06 16:26:33', 'root@localhost'),
(1338, 57, 'Vale', 'Vale', 'Lion', 'Lion', '2025-02-06 16:26:33', 'root@localhost'),
(1339, 57, 'Vale', 'Vale', 'Lion', 'Lion', '2025-02-06 16:26:33', 'root@localhost'),
(1340, 57, 'Vale', 'Vale', 'Lion', 'Lion', '2025-02-06 16:26:33', 'root@localhost'),
(1341, 57, 'Vale', 'Vale', 'Lion', 'Lion', '2025-02-06 16:26:33', 'root@localhost'),
(1342, 57, 'Vale', 'Vale', 'Lion', 'Lion', '2025-02-06 16:26:33', 'root@localhost'),
(1343, 57, 'Vale', 'Vale', 'Lion', 'Lion', '2025-02-06 16:26:33', 'root@localhost'),
(1344, 57, 'Vale', 'Vale', 'Lion', 'Lion', '2025-02-06 16:26:33', 'root@localhost'),
(1345, 57, 'Vale', 'Vale', 'Lion', 'Lion', '2025-02-06 16:26:33', 'root@localhost'),
(1346, 57, 'Vale', 'Vale', 'Lion', 'Lion', '2025-02-06 16:26:33', 'root@localhost'),
(1347, 57, 'Vale', 'Vale', 'Lion', 'Lion', '2025-02-06 16:26:34', 'root@localhost'),
(1348, 57, 'Vale', 'Vale', 'Lion', 'Lion', '2025-02-06 16:26:34', 'root@localhost'),
(1349, 57, 'Vale', 'Vale', 'Lion', 'Lion', '2025-02-06 16:26:34', 'root@localhost'),
(1350, 57, 'Vale', 'Vale', 'Lion', 'Lion', '2025-02-06 16:26:34', 'root@localhost'),
(1351, 57, 'Vale', 'Vale', 'Lion', 'Lion', '2025-02-06 16:26:34', 'root@localhost'),
(1352, 57, 'Vale', 'Vale', 'Lion', 'Lion', '2025-02-06 16:26:34', 'root@localhost'),
(1353, 57, 'Vale', 'Vale', 'Lion', 'Lion', '2025-02-06 16:26:34', 'root@localhost'),
(1354, 57, 'Vale', 'Vale', 'Lion', 'Lion', '2025-02-06 16:26:34', 'root@localhost'),
(1355, 57, 'Vale', 'Vale', 'Lion', 'Lion', '2025-02-06 16:26:34', 'root@localhost'),
(1356, 57, 'Vale', 'Vale', 'Lion', 'Lion', '2025-02-06 16:26:34', 'root@localhost'),
(1357, 57, 'Vale', 'Vale', 'Lion', 'Lion', '2025-02-06 16:26:34', 'root@localhost'),
(1358, 57, 'Vale', 'Vale', 'Lion', 'Lion', '2025-02-06 16:26:34', 'root@localhost'),
(1359, 57, 'Vale', 'Vale', 'Lion', 'Lion', '2025-02-06 16:26:34', 'root@localhost'),
(1360, 57, 'Vale', 'Vale', 'Lion', 'Lion', '2025-02-06 16:26:34', 'root@localhost'),
(1361, 57, 'Vale', 'Vale', 'Lion', 'Lion', '2025-02-06 16:26:34', 'root@localhost'),
(1362, 57, 'Vale', 'Vale', 'Lion', 'Lion', '2025-02-06 16:26:34', 'root@localhost'),
(1363, 57, 'Vale', 'Vale', 'Lion', 'Lion', '2025-02-06 16:26:34', 'root@localhost'),
(1364, 57, 'Vale', 'Vale', 'Lion', 'Lion', '2025-02-06 16:26:34', 'root@localhost'),
(1365, 57, 'Vale', 'Vale', 'Lion', 'Lion', '2025-02-06 16:26:34', 'root@localhost'),
(1366, 57, 'Vale', 'Vale', 'Lion', 'Lion', '2025-02-06 16:26:34', 'root@localhost'),
(1367, 57, 'Vale', 'Vale', 'Lion', 'Lion', '2025-02-06 16:26:34', 'root@localhost'),
(1368, 57, 'Vale', 'Vale', 'Lion', 'Lion', '2025-02-06 16:26:34', 'root@localhost'),
(1369, 57, 'Vale', 'Vale', 'Lion', 'Lion', '2025-02-06 16:26:34', 'root@localhost'),
(1370, 57, 'Vale', 'Vale', 'Lion', 'Lion', '2025-02-06 16:26:34', 'root@localhost'),
(1371, 57, 'Vale', 'Vale', 'Lion', 'Lion', '2025-02-06 16:26:34', 'root@localhost'),
(1372, 57, 'Vale', 'Vale', 'Lion', 'Lion', '2025-02-06 16:26:35', 'root@localhost'),
(1373, 57, 'Vale', 'Vale', 'Lion', 'Lion', '2025-02-06 16:26:35', 'root@localhost'),
(1374, 57, 'Vale', 'Vale', 'Lion', 'Lion', '2025-02-06 16:26:35', 'root@localhost'),
(1375, 57, 'Vale', 'Vale', 'Lion', 'Lion', '2025-02-06 16:26:35', 'root@localhost'),
(1376, 57, 'Vale', 'Vale', 'Lion', 'Lion', '2025-02-06 16:26:35', 'root@localhost'),
(1377, 57, 'Vale', 'Vale', 'Lion', 'Lion', '2025-02-06 16:26:35', 'root@localhost'),
(1378, 57, 'Vale', 'Vale', 'Lion', 'Lion', '2025-02-06 16:26:35', 'root@localhost'),
(1379, 57, 'Vale', 'Vale', 'Lion', 'Lion', '2025-02-06 16:26:35', 'root@localhost'),
(1380, 57, 'Vale', 'Vale', 'Lion', 'Lion', '2025-02-06 16:26:35', 'root@localhost'),
(1381, 57, 'Vale', 'Vale', 'Lion', 'Lion', '2025-02-06 16:26:35', 'root@localhost'),
(1382, 57, 'Vale', 'Vale', 'Lion', 'Lion', '2025-02-06 16:26:35', 'root@localhost'),
(1383, 57, 'Vale', 'Vale', 'Lion', 'Lion', '2025-02-06 16:26:35', 'root@localhost'),
(1384, 57, 'Vale', 'Vale', 'Lion', 'Lion', '2025-02-06 16:26:35', 'root@localhost'),
(1385, 57, 'Vale', 'Vale', 'Lion', 'Lion', '2025-02-06 16:26:35', 'root@localhost'),
(1386, 57, 'Vale', 'Vale', 'Lion', 'Lion', '2025-02-06 16:26:35', 'root@localhost'),
(1387, 57, 'Vale', 'Vale', 'Lion', 'Lion', '2025-02-06 16:26:35', 'root@localhost'),
(1388, 57, 'Vale', 'Vale', 'Lion', 'Lion', '2025-02-06 16:26:35', 'root@localhost'),
(1389, 57, 'Vale', 'Vale', 'Lion', 'Lion', '2025-02-06 16:26:35', 'root@localhost'),
(1390, 57, 'Vale', 'Vale', 'Lion', 'Lion', '2025-02-06 16:26:35', 'root@localhost'),
(1391, 57, 'Vale', 'Vale', 'Lion', 'Lion', '2025-02-06 16:26:35', 'root@localhost'),
(1392, 57, 'Vale', 'Vale', 'Lion', 'Lion', '2025-02-06 16:26:36', 'root@localhost'),
(1393, 57, 'Vale', 'Vale', 'Lion', 'Lion', '2025-02-06 16:26:36', 'root@localhost'),
(1394, 57, 'Vale', 'Vale', 'Lion', 'Lion', '2025-02-06 16:26:36', 'root@localhost'),
(1395, 57, 'Vale', 'Vale', 'Lion', 'Lion', '2025-02-06 16:26:36', 'root@localhost'),
(1396, 57, 'Vale', 'Vale', 'Lion', 'Lion', '2025-02-06 16:26:36', 'root@localhost'),
(1397, 57, 'Vale', 'Vale', 'Lion', 'Lion', '2025-02-06 16:26:36', 'root@localhost'),
(1398, 57, 'Vale', 'Vale', 'Lion', 'Lion', '2025-02-06 16:26:36', 'root@localhost'),
(1399, 57, 'Vale', 'Vale', 'Lion', 'Lion', '2025-02-06 16:26:36', 'root@localhost'),
(1400, 57, 'Vale', 'Vale', 'Lion', 'Lion', '2025-02-06 16:26:36', 'root@localhost'),
(1401, 57, 'Vale', 'Vale', 'Lion', 'Lion', '2025-02-06 16:26:36', 'root@localhost'),
(1402, 57, 'Vale', 'Vale', 'Lion', 'Lion', '2025-02-06 16:26:36', 'root@localhost'),
(1403, 57, 'Vale', 'Vale', 'Lion', 'Lion', '2025-02-06 16:26:36', 'root@localhost'),
(1404, 57, 'Vale', 'Vale', 'Lion', 'Lion', '2025-02-06 16:26:36', 'root@localhost'),
(1405, 57, 'Vale', 'Vale', 'Lion', 'Lion', '2025-02-06 16:26:36', 'root@localhost'),
(1406, 57, 'Vale', 'Vale', 'Lion', 'Lion', '2025-02-06 16:26:36', 'root@localhost'),
(1407, 57, 'Vale', 'Vale', 'Lion', 'Lion', '2025-02-06 16:26:36', 'root@localhost'),
(1408, 57, 'Vale', 'Vale', 'Lion', 'Lion', '2025-02-06 16:26:36', 'root@localhost'),
(1409, 57, 'Vale', 'Vale', 'Lion', 'Lion', '2025-02-06 16:26:36', 'root@localhost'),
(1410, 57, 'Vale', 'Vale', 'Lion', 'Lion', '2025-02-06 16:26:36', 'root@localhost'),
(1411, 57, 'Vale', 'Vale', 'Lion', 'Lion', '2025-02-06 16:26:36', 'root@localhost'),
(1412, 57, 'Vale', 'Vale', 'Lion', 'Lion', '2025-02-06 16:26:36', 'root@localhost'),
(1413, 57, 'Vale', 'Vale', 'Lion', 'Lion', '2025-02-06 16:26:36', 'root@localhost'),
(1414, 57, 'Vale', 'Vale', 'Lion', 'Lion', '2025-02-06 16:26:36', 'root@localhost'),
(1415, 57, 'Vale', 'Vale', 'Lion', 'Lion', '2025-02-06 16:26:36', 'root@localhost'),
(1416, 57, 'Vale', 'Vale', 'Lion', 'Lion', '2025-02-06 16:26:37', 'root@localhost'),
(1417, 57, 'Vale', 'Vale', 'Lion', 'Lion', '2025-02-06 16:26:37', 'root@localhost'),
(1418, 57, 'Vale', 'Vale', 'Lion', 'Lion', '2025-02-06 16:26:37', 'root@localhost'),
(1419, 57, 'Vale', 'Vale', 'Lion', 'Lion', '2025-02-06 16:26:37', 'root@localhost'),
(1420, 57, 'Vale', 'Vale', 'Lion', 'Lion', '2025-02-06 16:26:37', 'root@localhost'),
(1421, 57, 'Vale', 'Vale', 'Lion', 'Lion', '2025-02-06 16:26:37', 'root@localhost'),
(1422, 57, 'Vale', 'Vale', 'Lion', 'Lion', '2025-02-06 16:26:37', 'root@localhost'),
(1423, 57, 'Vale', 'Vale', 'Lion', 'Lion', '2025-02-06 16:26:37', 'root@localhost'),
(1424, 57, 'Vale', 'Vale', 'Lion', 'Lion', '2025-02-06 16:26:37', 'root@localhost'),
(1425, 57, 'Vale', 'Vale', 'Lion', 'Lion', '2025-02-06 16:26:37', 'root@localhost'),
(1426, 57, 'Vale', 'Vale', 'Lion', 'Lion', '2025-02-06 16:26:37', 'root@localhost'),
(1427, 57, 'Vale', 'Vale', 'Lion', 'Lion', '2025-02-06 16:26:37', 'root@localhost'),
(1428, 57, 'Vale', 'Vale', 'Lion', 'Lion', '2025-02-06 16:26:37', 'root@localhost'),
(1429, 57, 'Vale', 'Vale', 'Lion', 'Lion', '2025-02-06 16:26:37', 'root@localhost'),
(1430, 57, 'Vale', 'Vale', 'Lion', 'Lion', '2025-02-06 16:26:37', 'root@localhost'),
(1431, 57, 'Vale', 'Vale', 'Lion', 'Lion', '2025-02-06 16:26:37', 'root@localhost'),
(1432, 57, 'Vale', 'Vale', 'Lion', 'Lion', '2025-02-06 16:26:37', 'root@localhost'),
(1433, 57, 'Vale', 'Vale', 'Lion', 'Lion', '2025-02-06 16:26:37', 'root@localhost'),
(1434, 57, 'Vale', 'Vale', 'Lion', 'Lion', '2025-02-06 16:26:38', 'root@localhost'),
(1435, 57, 'Vale', 'Vale', 'Lion', 'Lion', '2025-02-06 16:26:38', 'root@localhost'),
(1436, 57, 'Vale', 'Vale', 'Lion', 'Lion', '2025-02-06 16:26:38', 'root@localhost'),
(1437, 57, 'Vale', 'Vale', 'Lion', 'Lion', '2025-02-06 16:26:38', 'root@localhost'),
(1438, 57, 'Vale', 'Vale', 'Lion', 'Lion', '2025-02-06 16:26:38', 'root@localhost'),
(1439, 57, 'Vale', 'Vale', 'Lion', 'Lion', '2025-02-06 16:26:38', 'root@localhost'),
(1440, 57, 'Vale', 'Vale', 'Lion', 'Lion', '2025-02-06 16:26:38', 'root@localhost'),
(1441, 57, 'Vale', 'Vale', 'Lion', 'Lion', '2025-02-06 16:26:38', 'root@localhost'),
(1442, 57, 'Vale', 'Vale', 'Lion', 'Lion', '2025-02-06 16:26:38', 'root@localhost');
INSERT INTO `animal_update_log` (`Log_ID`, `Animal_ID`, `Old_Name`, `New_Name`, `Old_Species`, `New_Species`, `Update_Timestamp`, `Updated_By`) VALUES
(1443, 57, 'Vale', 'Vale', 'Lion', 'Lion', '2025-02-06 16:26:38', 'root@localhost'),
(1444, 57, 'Vale', 'Vale', 'Lion', 'Lion', '2025-02-06 16:26:38', 'root@localhost'),
(1445, 57, 'Vale', 'Vale', 'Lion', 'Lion', '2025-02-06 16:26:38', 'root@localhost'),
(1446, 57, 'Vale', 'Vale', 'Lion', 'Lion', '2025-02-06 16:26:38', 'root@localhost'),
(1447, 57, 'Vale', 'Vale', 'Lion', 'Lion', '2025-02-06 16:26:38', 'root@localhost'),
(1448, 57, 'Vale', 'Vale', 'Lion', 'Lion', '2025-02-06 16:26:38', 'root@localhost'),
(1449, 57, 'Vale', 'Vale', 'Lion', 'Lion', '2025-02-06 16:26:38', 'root@localhost'),
(1450, 57, 'Vale', 'Vale', 'Lion', 'Lion', '2025-02-06 16:26:38', 'root@localhost'),
(1451, 57, 'Vale', 'Vale', 'Lion', 'Lion', '2025-02-06 16:26:38', 'root@localhost'),
(1452, 57, 'Vale', 'Vale', 'Lion', 'Lion', '2025-02-06 16:26:38', 'root@localhost'),
(1453, 57, 'Vale', 'Vale', 'Lion', 'Lion', '2025-02-06 16:26:38', 'root@localhost'),
(1454, 57, 'Vale', 'Vale', 'Lion', 'Lion', '2025-02-06 16:26:38', 'root@localhost'),
(1455, 57, 'Vale', 'Vale', 'Lion', 'Lion', '2025-02-06 16:26:38', 'root@localhost'),
(1456, 57, 'Vale', 'Vale', 'Lion', 'Lion', '2025-02-06 16:26:38', 'root@localhost'),
(1457, 57, 'Vale', 'Vale', 'Lion', 'Lion', '2025-02-06 16:26:38', 'root@localhost'),
(1458, 57, 'Vale', 'Vale', 'Lion', 'Lion', '2025-02-06 16:26:38', 'root@localhost'),
(1459, 57, 'Vale', 'Vale', 'Lion', 'Lion', '2025-02-06 16:26:39', 'root@localhost'),
(1460, 57, 'Vale', 'Vale', 'Lion', 'Lion', '2025-02-06 16:26:39', 'root@localhost'),
(1461, 57, 'Vale', 'Vale', 'Lion', 'Lion', '2025-02-06 16:26:39', 'root@localhost'),
(1462, 57, 'Vale', 'Vale', 'Lion', 'Lion', '2025-02-06 16:26:39', 'root@localhost'),
(1463, 57, 'Vale', 'Vale', 'Lion', 'Lion', '2025-02-06 16:26:39', 'root@localhost'),
(1464, 57, 'Vale', 'Vale', 'Lion', 'Lion', '2025-02-06 16:26:39', 'root@localhost'),
(1465, 57, 'Vale', 'Vale', 'Lion', 'Lion', '2025-02-06 16:26:39', 'root@localhost'),
(1466, 57, 'Vale', 'Vale', 'Lion', 'Lion', '2025-02-06 16:26:39', 'root@localhost'),
(1467, 57, 'Vale', 'Vale', 'Lion', 'Lion', '2025-02-06 16:26:39', 'root@localhost'),
(1468, 57, 'Vale', 'Vale', 'Lion', 'Lion', '2025-02-06 16:26:39', 'root@localhost'),
(1469, 57, 'Vale', 'Vale', 'Lion', 'Lion', '2025-02-06 16:26:39', 'root@localhost'),
(1470, 57, 'Vale', 'Vale', 'Lion', 'Lion', '2025-02-06 16:26:39', 'root@localhost'),
(1471, 57, 'Vale', 'Vale', 'Lion', 'Lion', '2025-02-06 16:26:39', 'root@localhost'),
(1472, 57, 'Vale', 'Vale', 'Lion', 'Lion', '2025-02-06 16:26:39', 'root@localhost'),
(1473, 57, 'Vale', 'Vale', 'Lion', 'Lion', '2025-02-06 16:26:39', 'root@localhost'),
(1474, 57, 'Vale', 'Vale', 'Lion', 'Lion', '2025-02-06 16:26:39', 'root@localhost'),
(1475, 57, 'Vale', 'Vale', 'Lion', 'Lion', '2025-02-06 16:26:39', 'root@localhost'),
(1476, 57, 'Vale', 'Vale', 'Lion', 'Lion', '2025-02-06 16:26:39', 'root@localhost'),
(1477, 57, 'Vale', 'Vale', 'Lion', 'Lion', '2025-02-06 16:26:39', 'root@localhost'),
(1478, 57, 'Vale', 'Vale', 'Lion', 'Lion', '2025-02-06 16:26:39', 'root@localhost'),
(1479, 57, 'Vale', 'Vale', 'Lion', 'Lion', '2025-02-06 16:26:39', 'root@localhost'),
(1480, 57, 'Vale', 'Vale', 'Lion', 'Lion', '2025-02-06 16:26:39', 'root@localhost'),
(1481, 57, 'Vale', 'Vale', 'Lion', 'Lion', '2025-02-06 16:26:39', 'root@localhost'),
(1482, 57, 'Vale', 'Vale', 'Lion', 'Lion', '2025-02-06 16:26:39', 'root@localhost'),
(1483, 57, 'Vale', 'Vale', 'Lion', 'Lion', '2025-02-06 16:26:39', 'root@localhost'),
(1484, 57, 'Vale', 'Vale', 'Lion', 'Lion', '2025-02-06 16:26:40', 'root@localhost'),
(1485, 57, 'Vale', 'Vale', 'Lion', 'Lion', '2025-02-06 16:26:40', 'root@localhost'),
(1486, 57, 'Vale', 'Vale', 'Lion', 'Lion', '2025-02-06 16:26:40', 'root@localhost'),
(1487, 57, 'Vale', 'Vale', 'Lion', 'Lion', '2025-02-06 16:26:40', 'root@localhost'),
(1488, 57, 'Vale', 'Vale', 'Lion', 'Lion', '2025-02-06 16:26:40', 'root@localhost'),
(1489, 57, 'Vale', 'Vale', 'Lion', 'Lion', '2025-02-06 16:26:40', 'root@localhost'),
(1490, 57, 'Vale', 'Vale', 'Lion', 'Lion', '2025-02-06 16:26:40', 'root@localhost'),
(1491, 57, 'Vale', 'Vale', 'Lion', 'Lion', '2025-02-06 16:26:40', 'root@localhost'),
(1492, 57, 'Vale', 'Vale', 'Lion', 'Lion', '2025-02-06 16:26:40', 'root@localhost'),
(1493, 57, 'Vale', 'Vale', 'Lion', 'Lion', '2025-02-06 16:26:40', 'root@localhost'),
(1494, 57, 'Vale', 'Vale', 'Lion', 'Lion', '2025-02-06 16:26:40', 'root@localhost'),
(1495, 57, 'Vale', 'Vale', 'Lion', 'Lion', '2025-02-06 16:26:40', 'root@localhost'),
(1496, 57, 'Vale', 'Vale', 'Lion', 'Lion', '2025-02-06 16:26:40', 'root@localhost'),
(1497, 57, 'Vale', 'Vale', 'Lion', 'Lion', '2025-02-06 16:26:40', 'root@localhost'),
(1498, 57, 'Vale', 'Vale', 'Lion', 'Lion', '2025-02-06 16:26:40', 'root@localhost'),
(1499, 57, 'Vale', 'Vale', 'Lion', 'Lion', '2025-02-06 16:26:40', 'root@localhost'),
(1500, 57, 'Vale', 'Vale', 'Lion', 'Lion', '2025-02-06 16:26:40', 'root@localhost'),
(1501, 57, 'Vale', 'Vale', 'Lion', 'Lion', '2025-02-06 16:26:40', 'root@localhost'),
(1502, 57, 'Vale', 'Vale', 'Lion', 'Lion', '2025-02-06 16:26:40', 'root@localhost'),
(1503, 57, 'Vale', 'Vale', 'Lion', 'Lion', '2025-02-06 16:26:40', 'root@localhost'),
(1504, 57, 'Vale', 'Vale', 'Lion', 'Lion', '2025-02-06 16:26:40', 'root@localhost'),
(1505, 57, 'Vale', 'Vale', 'Lion', 'Lion', '2025-02-06 16:26:40', 'root@localhost'),
(1506, 57, 'Vale', 'Vale', 'Lion', 'Lion', '2025-02-06 16:26:40', 'root@localhost'),
(1507, 57, 'Vale', 'Vale', 'Lion', 'Lion', '2025-02-06 16:26:41', 'root@localhost'),
(1508, 57, 'Vale', 'Vale', 'Lion', 'Lion', '2025-02-06 16:26:41', 'root@localhost'),
(1509, 57, 'Vale', 'Vale', 'Lion', 'Lion', '2025-02-06 16:26:41', 'root@localhost'),
(1510, 57, 'Vale', 'Vale', 'Lion', 'Lion', '2025-02-06 16:26:41', 'root@localhost'),
(1511, 57, 'Vale', 'Vale', 'Lion', 'Lion', '2025-02-06 16:26:41', 'root@localhost'),
(1512, 57, 'Vale', 'Vale', 'Lion', 'Lion', '2025-02-06 16:26:41', 'root@localhost'),
(1513, 57, 'Vale', 'Vale', 'Lion', 'Lion', '2025-02-06 16:26:41', 'root@localhost'),
(1514, 57, 'Vale', 'Vale', 'Lion', 'Lion', '2025-02-06 16:26:41', 'root@localhost'),
(1515, 57, 'Vale', 'Vale', 'Lion', 'Lion', '2025-02-06 16:26:41', 'root@localhost'),
(1516, 57, 'Vale', 'Vale', 'Lion', 'Lion', '2025-02-06 16:26:41', 'root@localhost'),
(1517, 57, 'Vale', 'Vale', 'Lion', 'Lion', '2025-02-06 16:26:41', 'root@localhost'),
(1518, 57, 'Vale', 'Vale', 'Lion', 'Lion', '2025-02-06 16:26:41', 'root@localhost'),
(1519, 57, 'Vale', 'Vale', 'Lion', 'Lion', '2025-02-06 16:26:41', 'root@localhost'),
(1520, 57, 'Vale', 'Vale', 'Lion', 'Lion', '2025-02-06 16:26:41', 'root@localhost'),
(1521, 57, 'Vale', 'Vale', 'Lion', 'Lion', '2025-02-06 16:26:41', 'root@localhost'),
(1522, 57, 'Vale', 'Vale', 'Lion', 'Lion', '2025-02-06 16:26:41', 'root@localhost'),
(1523, 57, 'Vale', 'Vale', 'Lion', 'Lion', '2025-02-06 16:26:41', 'root@localhost'),
(1524, 57, 'Vale', 'Vale', 'Lion', 'Lion', '2025-02-06 16:26:41', 'root@localhost'),
(1525, 57, 'Vale', 'Vale', 'Lion', 'Lion', '2025-02-06 16:26:41', 'root@localhost'),
(1526, 57, 'Vale', 'Vale', 'Lion', 'Lion', '2025-02-06 16:26:41', 'root@localhost'),
(1527, 57, 'Vale', 'Vale', 'Lion', 'Lion', '2025-02-06 16:26:41', 'root@localhost'),
(1528, 57, 'Vale', 'Vale', 'Lion', 'Lion', '2025-02-06 16:26:41', 'root@localhost'),
(1529, 57, 'Vale', 'Vale', 'Lion', 'Lion', '2025-02-06 16:26:42', 'root@localhost'),
(1530, 57, 'Vale', 'Vale', 'Lion', 'Lion', '2025-02-06 16:26:42', 'root@localhost'),
(1531, 57, 'Vale', 'Vale', 'Lion', 'Lion', '2025-02-06 16:26:42', 'root@localhost'),
(1532, 57, 'Vale', 'Vale', 'Lion', 'Lion', '2025-02-06 16:26:42', 'root@localhost'),
(1533, 57, 'Vale', 'Vale', 'Lion', 'Lion', '2025-02-06 16:26:42', 'root@localhost'),
(1534, 57, 'Vale', 'Vale', 'Lion', 'Lion', '2025-02-06 16:26:42', 'root@localhost'),
(1535, 57, 'Vale', 'Vale', 'Lion', 'Lion', '2025-02-06 16:26:42', 'root@localhost'),
(1536, 57, 'Vale', 'Vale', 'Lion', 'Lion', '2025-02-06 16:26:42', 'root@localhost'),
(1537, 57, 'Vale', 'Vale', 'Lion', 'Lion', '2025-02-06 16:26:42', 'root@localhost'),
(1538, 57, 'Vale', 'Vale', 'Lion', 'Lion', '2025-02-06 16:26:42', 'root@localhost'),
(1539, 57, 'Vale', 'Vale', 'Lion', 'Lion', '2025-02-06 16:26:42', 'root@localhost'),
(1540, 57, 'Vale', 'Vale', 'Lion', 'Lion', '2025-02-06 16:26:42', 'root@localhost'),
(1541, 57, 'Vale', 'Vale', 'Lion', 'Lion', '2025-02-06 16:26:42', 'root@localhost'),
(1542, 57, 'Vale', 'Vale', 'Lion', 'Lion', '2025-02-06 16:26:42', 'root@localhost'),
(1543, 57, 'Vale', 'Vale', 'Lion', 'Lion', '2025-02-06 16:26:42', 'root@localhost'),
(1544, 57, 'Vale', 'Vale', 'Lion', 'Lion', '2025-02-06 16:26:42', 'root@localhost'),
(1545, 57, 'Vale', 'Vale', 'Lion', 'Lion', '2025-02-06 16:26:42', 'root@localhost'),
(1546, 57, 'Vale', 'Vale', 'Lion', 'Lion', '2025-02-06 16:26:42', 'root@localhost'),
(1547, 57, 'Vale', 'Vale', 'Lion', 'Lion', '2025-02-06 16:26:42', 'root@localhost'),
(1548, 57, 'Vale', 'Vale', 'Lion', 'Lion', '2025-02-06 16:26:42', 'root@localhost'),
(1549, 57, 'Vale', 'Vale', 'Lion', 'Lion', '2025-02-06 16:26:42', 'root@localhost'),
(1550, 57, 'Vale', 'Vale', 'Lion', 'Lion', '2025-02-06 16:26:42', 'root@localhost'),
(1551, 57, 'Vale', 'Vale', 'Lion', 'Lion', '2025-02-06 16:26:42', 'root@localhost'),
(1552, 57, 'Vale', 'Vale', 'Lion', 'Lion', '2025-02-06 16:26:42', 'root@localhost'),
(1553, 57, 'Vale', 'Vale', 'Lion', 'Lion', '2025-02-06 16:26:43', 'root@localhost'),
(1554, 57, 'Vale', 'Vale', 'Lion', 'Lion', '2025-02-06 16:26:43', 'root@localhost'),
(1555, 57, 'Vale', 'Vale', 'Lion', 'Lion', '2025-02-06 16:26:43', 'root@localhost'),
(1556, 57, 'Vale', 'Vale', 'Lion', 'Lion', '2025-02-06 16:26:43', 'root@localhost'),
(1557, 57, 'Vale', 'Vale', 'Lion', 'Lion', '2025-02-06 16:26:43', 'root@localhost'),
(1558, 57, 'Vale', 'Vale', 'Lion', 'Lion', '2025-02-06 16:26:43', 'root@localhost'),
(1559, 57, 'Vale', 'Vale', 'Lion', 'Lion', '2025-02-06 16:26:43', 'root@localhost'),
(1560, 57, 'Vale', 'Vale', 'Lion', 'Lion', '2025-02-06 16:26:43', 'root@localhost'),
(1561, 57, 'Vale', 'Vale', 'Lion', 'Lion', '2025-02-06 16:26:43', 'root@localhost'),
(1562, 57, 'Vale', 'Vale', 'Lion', 'Lion', '2025-02-06 16:26:43', 'root@localhost'),
(1563, 57, 'Vale', 'Vale', 'Lion', 'Lion', '2025-02-06 16:26:43', 'root@localhost'),
(1564, 57, 'Vale', 'Vale', 'Lion', 'Lion', '2025-02-06 16:26:43', 'root@localhost'),
(1565, 57, 'Vale', 'Vale', 'Lion', 'Lion', '2025-02-06 16:26:43', 'root@localhost'),
(1566, 57, 'Vale', 'Vale', 'Lion', 'Lion', '2025-02-06 16:26:43', 'root@localhost'),
(1567, 57, 'Vale', 'Vale', 'Lion', 'Lion', '2025-02-06 16:26:43', 'root@localhost'),
(1568, 57, 'Vale', 'Vale', 'Lion', 'Lion', '2025-02-06 16:26:43', 'root@localhost'),
(1569, 57, 'Vale', 'Vale', 'Lion', 'Lion', '2025-02-06 16:26:43', 'root@localhost'),
(1570, 57, 'Vale', 'Vale', 'Lion', 'Lion', '2025-02-06 16:26:43', 'root@localhost'),
(1571, 57, 'Vale', 'Vale', 'Lion', 'Lion', '2025-02-06 16:26:43', 'root@localhost'),
(1572, 57, 'Vale', 'Vale', 'Lion', 'Lion', '2025-02-06 16:26:44', 'root@localhost'),
(1573, 57, 'Vale', 'Vale', 'Lion', 'Lion', '2025-02-06 16:26:44', 'root@localhost'),
(1574, 57, 'Vale', 'Vale', 'Lion', 'Lion', '2025-02-06 16:26:44', 'root@localhost'),
(1575, 57, 'Vale', 'Vale', 'Lion', 'Lion', '2025-02-06 16:26:44', 'root@localhost'),
(1576, 57, 'Vale', 'Vale', 'Lion', 'Lion', '2025-02-06 16:26:44', 'root@localhost'),
(1577, 57, 'Vale', 'Vale', 'Lion', 'Lion', '2025-02-06 16:26:44', 'root@localhost'),
(1578, 57, 'Vale', 'Vale', 'Lion', 'Lion', '2025-02-06 16:26:44', 'root@localhost'),
(1579, 57, 'Vale', 'Vale', 'Lion', 'Lion', '2025-02-06 16:26:44', 'root@localhost'),
(1580, 57, 'Vale', 'Vale', 'Lion', 'Lion', '2025-02-06 16:26:44', 'root@localhost'),
(1581, 57, 'Vale', 'Vale', 'Lion', 'Lion', '2025-02-06 16:26:44', 'root@localhost'),
(1582, 57, 'Vale', 'Vale', 'Lion', 'Lion', '2025-02-06 16:26:44', 'root@localhost'),
(1583, 57, 'Vale', 'Vale', 'Lion', 'Lion', '2025-02-06 16:26:44', 'root@localhost'),
(1584, 57, 'Vale', 'Vale', 'Lion', 'Lion', '2025-02-06 16:26:44', 'root@localhost'),
(1585, 57, 'Vale', 'Vale', 'Lion', 'Lion', '2025-02-06 16:26:44', 'root@localhost'),
(1586, 57, 'Vale', 'Vale', 'Lion', 'Lion', '2025-02-06 16:26:44', 'root@localhost'),
(1587, 57, 'Vale', 'Vale', 'Lion', 'Lion', '2025-02-06 16:26:44', 'root@localhost'),
(1588, 57, 'Vale', 'Vale', 'Lion', 'Lion', '2025-02-06 16:26:44', 'root@localhost'),
(1589, 57, 'Vale', 'Vale', 'Lion', 'Lion', '2025-02-06 16:26:44', 'root@localhost'),
(1590, 57, 'Vale', 'Vale', 'Lion', 'Lion', '2025-02-06 16:26:44', 'root@localhost'),
(1591, 57, 'Vale', 'Vale', 'Lion', 'Lion', '2025-02-06 16:26:45', 'root@localhost'),
(1592, 57, 'Vale', 'Vale', 'Lion', 'Lion', '2025-02-06 16:26:45', 'root@localhost'),
(1593, 57, 'Vale', 'Vale', 'Lion', 'Lion', '2025-02-06 16:26:45', 'root@localhost'),
(1594, 57, 'Vale', 'Vale', 'Lion', 'Lion', '2025-02-06 16:26:45', 'root@localhost'),
(1595, 57, 'Vale', 'Vale', 'Lion', 'Lion', '2025-02-06 16:26:45', 'root@localhost'),
(1596, 57, 'Vale', 'Vale', 'Lion', 'Lion', '2025-02-06 16:26:45', 'root@localhost'),
(1597, 57, 'Vale', 'Vale', 'Lion', 'Lion', '2025-02-06 16:26:45', 'root@localhost'),
(1598, 57, 'Vale', 'Vale', 'Lion', 'Lion', '2025-02-06 16:26:45', 'root@localhost'),
(1599, 57, 'Vale', 'Vale', 'Lion', 'Lion', '2025-02-06 16:26:45', 'root@localhost'),
(1600, 57, 'Vale', 'Vale', 'Lion', 'Lion', '2025-02-06 16:26:45', 'root@localhost'),
(1601, 57, 'Vale', 'Vale', 'Lion', 'Lion', '2025-02-06 16:26:45', 'root@localhost'),
(1602, 57, 'Vale', 'Vale', 'Lion', 'Lion', '2025-02-06 16:26:45', 'root@localhost'),
(1603, 57, 'Vale', 'Vale', 'Lion', 'Lion', '2025-02-06 16:26:45', 'root@localhost'),
(1604, 57, 'Vale', 'Vale', 'Lion', 'Lion', '2025-02-06 16:26:45', 'root@localhost'),
(1605, 57, 'Vale', 'Vale', 'Lion', 'Lion', '2025-02-06 16:26:45', 'root@localhost'),
(1606, 57, 'Vale', 'Vale', 'Lion', 'Lion', '2025-02-06 16:26:45', 'root@localhost'),
(1607, 57, 'Vale', 'Vale', 'Lion', 'Lion', '2025-02-06 16:26:45', 'root@localhost'),
(1608, 57, 'Vale', 'Vale', 'Lion', 'Lion', '2025-02-06 16:26:46', 'root@localhost'),
(1609, 57, 'Vale', 'Vale', 'Lion', 'Lion', '2025-02-06 16:26:46', 'root@localhost'),
(1610, 57, 'Vale', 'Vale', 'Lion', 'Lion', '2025-02-06 16:26:46', 'root@localhost'),
(1611, 57, 'Vale', 'Vale', 'Lion', 'Lion', '2025-02-06 16:26:46', 'root@localhost'),
(1612, 57, 'Vale', 'Vale', 'Lion', 'Lion', '2025-02-06 16:26:46', 'root@localhost'),
(1613, 57, 'Vale', 'Vale', 'Lion', 'Lion', '2025-02-06 16:26:46', 'root@localhost'),
(1614, 57, 'Vale', 'Vale', 'Lion', 'Lion', '2025-02-06 16:26:46', 'root@localhost'),
(1615, 57, 'Vale', 'Vale', 'Lion', 'Lion', '2025-02-06 16:26:46', 'root@localhost'),
(1616, 57, 'Vale', 'Vale', 'Lion', 'Lion', '2025-02-06 16:26:46', 'root@localhost'),
(1617, 57, 'Vale', 'Vale', 'Lion', 'Lion', '2025-02-06 16:26:46', 'root@localhost'),
(1618, 57, 'Vale', 'Vale', 'Lion', 'Lion', '2025-02-06 16:26:46', 'root@localhost'),
(1619, 57, 'Vale', 'Vale', 'Lion', 'Lion', '2025-02-06 16:26:46', 'root@localhost'),
(1620, 57, 'Vale', 'Vale', 'Lion', 'Lion', '2025-02-06 16:26:46', 'root@localhost'),
(1621, 57, 'Vale', 'Vale', 'Lion', 'Lion', '2025-02-06 16:26:46', 'root@localhost'),
(1622, 57, 'Vale', 'Vale', 'Lion', 'Lion', '2025-02-06 16:26:46', 'root@localhost'),
(1623, 57, 'Vale', 'Vale', 'Lion', 'Lion', '2025-02-06 16:26:46', 'root@localhost'),
(1624, 57, 'Vale', 'Vale', 'Lion', 'Lion', '2025-02-06 16:26:46', 'root@localhost'),
(1625, 57, 'Vale', 'Vale', 'Lion', 'Lion', '2025-02-06 16:26:46', 'root@localhost'),
(1626, 57, 'Vale', 'Vale', 'Lion', 'Lion', '2025-02-06 16:26:46', 'root@localhost'),
(1627, 57, 'Vale', 'Vale', 'Lion', 'Lion', '2025-02-06 16:26:47', 'root@localhost'),
(1628, 57, 'Vale', 'Vale', 'Lion', 'Lion', '2025-02-06 16:26:47', 'root@localhost'),
(1629, 57, 'Vale', 'Vale', 'Lion', 'Lion', '2025-02-06 16:26:47', 'root@localhost'),
(1630, 57, 'Vale', 'Vale', 'Lion', 'Lion', '2025-02-06 16:26:47', 'root@localhost'),
(1631, 57, 'Vale', 'Vale', 'Lion', 'Lion', '2025-02-06 16:26:47', 'root@localhost'),
(1632, 57, 'Vale', 'Vale', 'Lion', 'Lion', '2025-02-06 16:26:47', 'root@localhost'),
(1633, 57, 'Vale', 'Vale', 'Lion', 'Lion', '2025-02-06 16:26:47', 'root@localhost'),
(1634, 57, 'Vale', 'Vale', 'Lion', 'Lion', '2025-02-06 16:26:47', 'root@localhost'),
(1635, 57, 'Vale', 'Vale', 'Lion', 'Lion', '2025-02-06 16:26:47', 'root@localhost'),
(1636, 57, 'Vale', 'Vale', 'Lion', 'Lion', '2025-02-06 16:26:47', 'root@localhost'),
(1637, 57, 'Vale', 'Vale', 'Lion', 'Lion', '2025-02-06 16:26:47', 'root@localhost'),
(1638, 57, 'Vale', 'Vale', 'Lion', 'Lion', '2025-02-06 16:26:47', 'root@localhost'),
(1639, 57, 'Vale', 'Vale', 'Lion', 'Lion', '2025-02-06 16:26:47', 'root@localhost'),
(1640, 57, 'Vale', 'Vale', 'Lion', 'Lion', '2025-02-06 16:26:47', 'root@localhost'),
(1641, 57, 'Vale', 'Vale', 'Lion', 'Lion', '2025-02-06 16:26:47', 'root@localhost'),
(1642, 57, 'Vale', 'Vale', 'Lion', 'Lion', '2025-02-06 16:26:47', 'root@localhost'),
(1643, 57, 'Vale', 'Vale', 'Lion', 'Lion', '2025-02-06 16:26:47', 'root@localhost'),
(1644, 57, 'Vale', 'Vale', 'Lion', 'Lion', '2025-02-06 16:26:47', 'root@localhost'),
(1645, 57, 'Vale', 'Vale', 'Lion', 'Lion', '2025-02-06 16:26:47', 'root@localhost'),
(1646, 57, 'Vale', 'Vale', 'Lion', 'Lion', '2025-02-06 16:26:47', 'root@localhost'),
(1647, 57, 'Vale', 'Vale', 'Lion', 'Lion', '2025-02-06 16:26:47', 'root@localhost'),
(1648, 57, 'Vale', 'Vale', 'Lion', 'Lion', '2025-02-06 16:26:48', 'root@localhost'),
(1649, 57, 'Vale', 'Vale', 'Lion', 'Lion', '2025-02-06 16:26:48', 'root@localhost'),
(1650, 57, 'Vale', 'Vale', 'Lion', 'Lion', '2025-02-06 16:26:48', 'root@localhost'),
(1651, 57, 'Vale', 'Vale', 'Lion', 'Lion', '2025-02-06 16:26:48', 'root@localhost'),
(1652, 57, 'Vale', 'Vale', 'Lion', 'Lion', '2025-02-06 16:26:48', 'root@localhost'),
(1653, 57, 'Vale', 'Vale', 'Lion', 'Lion', '2025-02-06 16:26:48', 'root@localhost'),
(1654, 57, 'Vale', 'Vale', 'Lion', 'Lion', '2025-02-06 16:26:48', 'root@localhost'),
(1655, 57, 'Vale', 'Vale', 'Lion', 'Lion', '2025-02-06 16:26:48', 'root@localhost'),
(1656, 57, 'Vale', 'Vale', 'Lion', 'Lion', '2025-02-06 16:26:48', 'root@localhost'),
(1657, 57, 'Vale', 'Vale', 'Lion', 'Lion', '2025-02-06 16:26:48', 'root@localhost'),
(1658, 57, 'Vale', 'Vale', 'Lion', 'Lion', '2025-02-06 16:26:48', 'root@localhost'),
(1659, 57, 'Vale', 'Vale', 'Lion', 'Lion', '2025-02-06 16:26:48', 'root@localhost'),
(1660, 57, 'Vale', 'Vale', 'Lion', 'Lion', '2025-02-06 16:26:48', 'root@localhost'),
(1661, 57, 'Vale', 'Vale', 'Lion', 'Lion', '2025-02-06 16:26:48', 'root@localhost'),
(1662, 57, 'Vale', 'Vale', 'Lion', 'Lion', '2025-02-06 16:26:48', 'root@localhost'),
(1663, 57, 'Vale', 'Vale', 'Lion', 'Lion', '2025-02-06 16:26:48', 'root@localhost'),
(1664, 57, 'Vale', 'Vale', 'Lion', 'Lion', '2025-02-06 16:26:48', 'root@localhost'),
(1665, 57, 'Vale', 'Vale', 'Lion', 'Lion', '2025-02-06 16:26:48', 'root@localhost'),
(1666, 57, 'Vale', 'Vale', 'Lion', 'Lion', '2025-02-06 16:26:48', 'root@localhost'),
(1667, 57, 'Vale', 'Vale', 'Lion', 'Lion', '2025-02-06 16:26:48', 'root@localhost'),
(1668, 57, 'Vale', 'Vale', 'Lion', 'Lion', '2025-02-06 16:26:48', 'root@localhost'),
(1669, 57, 'Vale', 'Vale', 'Lion', 'Lion', '2025-02-06 16:26:48', 'root@localhost'),
(1670, 57, 'Vale', 'Vale', 'Lion', 'Lion', '2025-02-06 16:26:49', 'root@localhost'),
(1671, 57, 'Vale', 'Vale', 'Lion', 'Lion', '2025-02-06 16:26:49', 'root@localhost'),
(1672, 57, 'Vale', 'Vale', 'Lion', 'Lion', '2025-02-06 16:26:49', 'root@localhost'),
(1673, 57, 'Vale', 'Vale', 'Lion', 'Lion', '2025-02-06 16:26:49', 'root@localhost'),
(1674, 57, 'Vale', 'Vale', 'Lion', 'Lion', '2025-02-06 16:26:49', 'root@localhost'),
(1675, 57, 'Vale', 'Vale', 'Lion', 'Lion', '2025-02-06 16:26:49', 'root@localhost'),
(1676, 57, 'Vale', 'Vale', 'Lion', 'Lion', '2025-02-06 16:26:49', 'root@localhost'),
(1677, 57, 'Vale', 'Vale', 'Lion', 'Lion', '2025-02-06 16:26:49', 'root@localhost'),
(1678, 57, 'Vale', 'Vale', 'Lion', 'Lion', '2025-02-06 16:26:49', 'root@localhost'),
(1679, 57, 'Vale', 'Vale', 'Lion', 'Lion', '2025-02-06 16:26:49', 'root@localhost'),
(1680, 57, 'Vale', 'Vale', 'Lion', 'Lion', '2025-02-06 16:26:49', 'root@localhost'),
(1681, 57, 'Vale', 'Vale', 'Lion', 'Lion', '2025-02-06 16:26:49', 'root@localhost'),
(1682, 57, 'Vale', 'Vale', 'Lion', 'Lion', '2025-02-06 16:26:49', 'root@localhost'),
(1683, 57, 'Vale', 'Vale', 'Lion', 'Lion', '2025-02-06 16:26:49', 'root@localhost'),
(1684, 57, 'Vale', 'Vale', 'Lion', 'Lion', '2025-02-06 16:26:49', 'root@localhost'),
(1685, 57, 'Vale', 'Vale', 'Lion', 'Lion', '2025-02-06 16:26:49', 'root@localhost'),
(1686, 57, 'Vale', 'Vale', 'Lion', 'Lion', '2025-02-06 16:26:49', 'root@localhost'),
(1687, 57, 'Vale', 'Vale', 'Lion', 'Lion', '2025-02-06 16:26:49', 'root@localhost'),
(1688, 57, 'Vale', 'Vale', 'Lion', 'Lion', '2025-02-06 16:26:49', 'root@localhost'),
(1689, 57, 'Vale', 'Vale', 'Lion', 'Lion', '2025-02-06 16:26:49', 'root@localhost'),
(1690, 57, 'Vale', 'Vale', 'Lion', 'Lion', '2025-02-06 16:26:49', 'root@localhost'),
(1691, 57, 'Vale', 'Vale', 'Lion', 'Lion', '2025-02-06 16:26:50', 'root@localhost'),
(1692, 57, 'Vale', 'Vale', 'Lion', 'Lion', '2025-02-06 16:26:50', 'root@localhost'),
(1693, 57, 'Vale', 'Vale', 'Lion', 'Lion', '2025-02-06 16:26:50', 'root@localhost'),
(1694, 57, 'Vale', 'Vale', 'Lion', 'Lion', '2025-02-06 16:26:50', 'root@localhost'),
(1695, 57, 'Vale', 'Vale', 'Lion', 'Lion', '2025-02-06 16:26:50', 'root@localhost'),
(1696, 57, 'Vale', 'Vale', 'Lion', 'Lion', '2025-02-06 16:26:50', 'root@localhost'),
(1697, 57, 'Vale', 'Vale', 'Lion', 'Lion', '2025-02-06 16:26:50', 'root@localhost'),
(1698, 57, 'Vale', 'Vale', 'Lion', 'Lion', '2025-02-06 16:26:50', 'root@localhost'),
(1699, 57, 'Vale', 'Vale', 'Lion', 'Lion', '2025-02-06 16:26:50', 'root@localhost'),
(1700, 57, 'Vale', 'Vale', 'Lion', 'Lion', '2025-02-06 16:26:50', 'root@localhost'),
(1701, 57, 'Vale', 'Vale', 'Lion', 'Lion', '2025-02-06 16:26:50', 'root@localhost'),
(1702, 57, 'Vale', 'Vale', 'Lion', 'Lion', '2025-02-06 16:26:50', 'root@localhost'),
(1703, 57, 'Vale', 'Vale', 'Lion', 'Lion', '2025-02-06 16:26:50', 'root@localhost'),
(1704, 57, 'Vale', 'Vale', 'Lion', 'Lion', '2025-02-06 16:26:50', 'root@localhost'),
(1705, 57, 'Vale', 'Vale', 'Lion', 'Lion', '2025-02-06 16:26:50', 'root@localhost'),
(1706, 57, 'Vale', 'Vale', 'Lion', 'Lion', '2025-02-06 16:26:50', 'root@localhost'),
(1707, 57, 'Vale', 'Vale', 'Lion', 'Lion', '2025-02-06 16:26:50', 'root@localhost'),
(1708, 57, 'Vale', 'Vale', 'Lion', 'Lion', '2025-02-06 16:26:50', 'root@localhost'),
(1709, 57, 'Vale', 'Vale', 'Lion', 'Lion', '2025-02-06 16:26:50', 'root@localhost'),
(1710, 57, 'Vale', 'Vale', 'Lion', 'Lion', '2025-02-06 16:26:50', 'root@localhost'),
(1711, 57, 'Vale', 'Vale', 'Lion', 'Lion', '2025-02-06 16:26:50', 'root@localhost'),
(1712, 57, 'Vale', 'Vale', 'Lion', 'Lion', '2025-02-06 16:26:51', 'root@localhost'),
(1713, 57, 'Vale', 'Vale', 'Lion', 'Lion', '2025-02-06 16:26:51', 'root@localhost'),
(1714, 57, 'Vale', 'Vale', 'Lion', 'Lion', '2025-02-06 16:26:51', 'root@localhost'),
(1715, 57, 'Vale', 'Vale', 'Lion', 'Lion', '2025-02-06 16:26:51', 'root@localhost'),
(1716, 57, 'Vale', 'Vale', 'Lion', 'Lion', '2025-02-06 16:26:51', 'root@localhost'),
(1717, 57, 'Vale', 'Vale', 'Lion', 'Lion', '2025-02-06 16:26:51', 'root@localhost'),
(1718, 57, 'Vale', 'Vale', 'Lion', 'Lion', '2025-02-06 16:26:51', 'root@localhost'),
(1719, 57, 'Vale', 'Vale', 'Lion', 'Lion', '2025-02-06 16:26:51', 'root@localhost'),
(1720, 57, 'Vale', 'Vale', 'Lion', 'Lion', '2025-02-06 16:26:51', 'root@localhost'),
(1721, 57, 'Vale', 'Vale', 'Lion', 'Lion', '2025-02-06 16:26:51', 'root@localhost'),
(1722, 57, 'Vale', 'Vale', 'Lion', 'Lion', '2025-02-06 16:26:51', 'root@localhost'),
(1723, 57, 'Vale', 'Vale', 'Lion', 'Lion', '2025-02-06 16:26:51', 'root@localhost'),
(1724, 57, 'Vale', 'Vale', 'Lion', 'Lion', '2025-02-06 16:26:51', 'root@localhost'),
(1725, 57, 'Vale', 'Vale', 'Lion', 'Lion', '2025-02-06 16:26:51', 'root@localhost'),
(1726, 57, 'Vale', 'Vale', 'Lion', 'Lion', '2025-02-06 16:26:51', 'root@localhost'),
(1727, 57, 'Vale', 'Vale', 'Lion', 'Lion', '2025-02-06 16:26:51', 'root@localhost'),
(1728, 57, 'Vale', 'Vale', 'Lion', 'Lion', '2025-02-06 16:26:51', 'root@localhost'),
(1729, 57, 'Vale', 'Vale', 'Lion', 'Lion', '2025-02-06 16:26:51', 'root@localhost'),
(1730, 57, 'Vale', 'Vale', 'Lion', 'Lion', '2025-02-06 16:26:51', 'root@localhost'),
(1731, 57, 'Vale', 'Vale', 'Lion', 'Lion', '2025-02-06 16:26:51', 'root@localhost'),
(1732, 57, 'Vale', 'Vale', 'Lion', 'Lion', '2025-02-06 16:26:51', 'root@localhost'),
(1733, 57, 'Vale', 'Vale', 'Lion', 'Lion', '2025-02-06 16:26:51', 'root@localhost'),
(1734, 57, 'Vale', 'Vale', 'Lion', 'Lion', '2025-02-06 16:26:51', 'root@localhost'),
(1735, 57, 'Vale', 'Vale', 'Lion', 'Lion', '2025-02-06 16:26:51', 'root@localhost'),
(1736, 57, 'Vale', 'Vale', 'Lion', 'Lion', '2025-02-06 16:26:52', 'root@localhost'),
(1737, 57, 'Vale', 'Vale', 'Lion', 'Lion', '2025-02-06 16:26:52', 'root@localhost'),
(1738, 57, 'Vale', 'Vale', 'Lion', 'Lion', '2025-02-06 16:26:52', 'root@localhost'),
(1739, 57, 'Vale', 'Vale', 'Lion', 'Lion', '2025-02-06 16:26:52', 'root@localhost'),
(1740, 57, 'Vale', 'Vale', 'Lion', 'Lion', '2025-02-06 16:26:52', 'root@localhost'),
(1741, 57, 'Vale', 'Vale', 'Lion', 'Lion', '2025-02-06 16:26:52', 'root@localhost'),
(1742, 57, 'Vale', 'Vale', 'Lion', 'Lion', '2025-02-06 16:26:52', 'root@localhost'),
(1743, 57, 'Vale', 'Vale', 'Lion', 'Lion', '2025-02-06 16:26:52', 'root@localhost'),
(1744, 57, 'Vale', 'Vale', 'Lion', 'Lion', '2025-02-06 16:26:52', 'root@localhost'),
(1745, 57, 'Vale', 'Vale', 'Lion', 'Lion', '2025-02-06 16:26:52', 'root@localhost'),
(1746, 57, 'Vale', 'Vale', 'Lion', 'Lion', '2025-02-06 16:26:52', 'root@localhost'),
(1747, 57, 'Vale', 'Vale', 'Lion', 'Lion', '2025-02-06 16:26:52', 'root@localhost'),
(1748, 57, 'Vale', 'Vale', 'Lion', 'Lion', '2025-02-06 16:26:52', 'root@localhost'),
(1749, 57, 'Vale', 'Vale', 'Lion', 'Lion', '2025-02-06 16:26:52', 'root@localhost'),
(1750, 57, 'Vale', 'Vale', 'Lion', 'Lion', '2025-02-06 16:26:52', 'root@localhost'),
(1751, 57, 'Vale', 'Vale', 'Lion', 'Lion', '2025-02-06 16:26:52', 'root@localhost'),
(1752, 57, 'Vale', 'Vale', 'Lion', 'Lion', '2025-02-06 16:26:52', 'root@localhost'),
(1753, 57, 'Vale', 'Vale', 'Lion', 'Lion', '2025-02-06 16:26:52', 'root@localhost'),
(1754, 57, 'Vale', 'Vale', 'Lion', 'Lion', '2025-02-06 16:26:52', 'root@localhost'),
(1755, 57, 'Vale', 'Vale', 'Lion', 'Lion', '2025-02-06 16:26:52', 'root@localhost'),
(1756, 57, 'Vale', 'Vale', 'Lion', 'Lion', '2025-02-06 16:26:53', 'root@localhost'),
(1757, 57, 'Vale', 'Vale', 'Lion', 'Lion', '2025-02-06 16:26:53', 'root@localhost'),
(1758, 57, 'Vale', 'Vale', 'Lion', 'Lion', '2025-02-06 16:26:53', 'root@localhost'),
(1759, 57, 'Vale', 'Vale', 'Lion', 'Lion', '2025-02-06 16:26:53', 'root@localhost'),
(1760, 57, 'Vale', 'Vale', 'Lion', 'Lion', '2025-02-06 16:26:53', 'root@localhost'),
(1761, 57, 'Vale', 'Vale', 'Lion', 'Lion', '2025-02-06 16:26:53', 'root@localhost'),
(1762, 57, 'Vale', 'Vale', 'Lion', 'Lion', '2025-02-06 16:26:53', 'root@localhost'),
(1763, 57, 'Vale', 'Vale', 'Lion', 'Lion', '2025-02-06 16:26:53', 'root@localhost'),
(1764, 57, 'Vale', 'Vale', 'Lion', 'Lion', '2025-02-06 16:26:53', 'root@localhost'),
(1765, 57, 'Vale', 'Vale', 'Lion', 'Lion', '2025-02-06 16:26:53', 'root@localhost'),
(1766, 57, 'Vale', 'Vale', 'Lion', 'Lion', '2025-02-06 16:26:53', 'root@localhost'),
(1767, 57, 'Vale', 'Vale', 'Lion', 'Lion', '2025-02-06 16:26:53', 'root@localhost'),
(1768, 57, 'Vale', 'Vale', 'Lion', 'Lion', '2025-02-06 16:26:53', 'root@localhost'),
(1769, 57, 'Vale', 'Vale', 'Lion', 'Lion', '2025-02-06 16:26:53', 'root@localhost'),
(1770, 57, 'Vale', 'Vale', 'Lion', 'Lion', '2025-02-06 16:26:53', 'root@localhost'),
(1771, 57, 'Vale', 'Vale', 'Lion', 'Lion', '2025-02-06 16:26:53', 'root@localhost'),
(1772, 57, 'Vale', 'Vale', 'Lion', 'Lion', '2025-02-06 16:26:53', 'root@localhost'),
(1773, 57, 'Vale', 'Vale', 'Lion', 'Lion', '2025-02-06 16:26:53', 'root@localhost'),
(1774, 57, 'Vale', 'Vale', 'Lion', 'Lion', '2025-02-06 16:26:53', 'root@localhost'),
(1775, 57, 'Vale', 'Vale', 'Lion', 'Lion', '2025-02-06 16:26:54', 'root@localhost'),
(1776, 57, 'Vale', 'Vale', 'Lion', 'Lion', '2025-02-06 16:26:54', 'root@localhost'),
(1777, 57, 'Vale', 'Vale', 'Lion', 'Lion', '2025-02-06 16:26:54', 'root@localhost'),
(1778, 57, 'Vale', 'Vale', 'Lion', 'Lion', '2025-02-06 16:26:54', 'root@localhost'),
(1779, 57, 'Vale', 'Vale', 'Lion', 'Lion', '2025-02-06 16:26:54', 'root@localhost'),
(1780, 57, 'Vale', 'Vale', 'Lion', 'Lion', '2025-02-06 16:26:54', 'root@localhost'),
(1781, 57, 'Vale', 'Vale', 'Lion', 'Lion', '2025-02-06 16:26:54', 'root@localhost'),
(1782, 57, 'Vale', 'Vale', 'Lion', 'Lion', '2025-02-06 16:26:54', 'root@localhost'),
(1783, 57, 'Vale', 'Vale', 'Lion', 'Lion', '2025-02-06 16:26:54', 'root@localhost'),
(1784, 57, 'Vale', 'Vale', 'Lion', 'Lion', '2025-02-06 16:26:54', 'root@localhost'),
(1785, 57, 'Vale', 'Vale', 'Lion', 'Lion', '2025-02-06 16:26:54', 'root@localhost'),
(1786, 57, 'Vale', 'Vale', 'Lion', 'Lion', '2025-02-06 16:26:54', 'root@localhost'),
(1787, 57, 'Vale', 'Vale', 'Lion', 'Lion', '2025-02-06 16:26:54', 'root@localhost'),
(1788, 57, 'Vale', 'Vale', 'Lion', 'Lion', '2025-02-06 16:26:54', 'root@localhost'),
(1789, 57, 'Vale', 'Vale', 'Lion', 'Lion', '2025-02-06 16:26:54', 'root@localhost'),
(1790, 57, 'Vale', 'Vale', 'Lion', 'Lion', '2025-02-06 16:26:54', 'root@localhost'),
(1791, 57, 'Vale', 'Vale', 'Lion', 'Lion', '2025-02-06 16:26:54', 'root@localhost'),
(1792, 57, 'Vale', 'Vale', 'Lion', 'Lion', '2025-02-06 16:26:54', 'root@localhost'),
(1793, 57, 'Vale', 'Vale', 'Lion', 'Lion', '2025-02-06 16:26:54', 'root@localhost'),
(1794, 57, 'Vale', 'Vale', 'Lion', 'Lion', '2025-02-06 16:26:54', 'root@localhost'),
(1795, 57, 'Vale', 'Vale', 'Lion', 'Lion', '2025-02-06 16:26:54', 'root@localhost'),
(1796, 57, 'Vale', 'Vale', 'Lion', 'Lion', '2025-02-06 16:26:54', 'root@localhost'),
(1797, 57, 'Vale', 'Vale', 'Lion', 'Lion', '2025-02-06 16:26:55', 'root@localhost'),
(1798, 57, 'Vale', 'Vale', 'Lion', 'Lion', '2025-02-06 16:26:55', 'root@localhost'),
(1799, 57, 'Vale', 'Vale', 'Lion', 'Lion', '2025-02-06 16:26:55', 'root@localhost'),
(1800, 57, 'Vale', 'Vale', 'Lion', 'Lion', '2025-02-06 16:26:55', 'root@localhost'),
(1801, 57, 'Vale', 'Vale', 'Lion', 'Lion', '2025-02-06 16:26:55', 'root@localhost'),
(1802, 57, 'Vale', 'Vale', 'Lion', 'Lion', '2025-02-06 16:26:55', 'root@localhost'),
(1803, 57, 'Vale', 'Vale', 'Lion', 'Lion', '2025-02-06 16:26:55', 'root@localhost'),
(1804, 57, 'Vale', 'Vale', 'Lion', 'Lion', '2025-02-06 16:26:55', 'root@localhost'),
(1805, 57, 'Vale', 'Vale', 'Lion', 'Lion', '2025-02-06 16:26:55', 'root@localhost'),
(1806, 57, 'Vale', 'Vale', 'Lion', 'Lion', '2025-02-06 16:26:55', 'root@localhost'),
(1807, 57, 'Vale', 'Vale', 'Lion', 'Lion', '2025-02-06 16:26:55', 'root@localhost'),
(1808, 57, 'Vale', 'Vale', 'Lion', 'Lion', '2025-02-06 16:26:55', 'root@localhost'),
(1809, 57, 'Vale', 'Vale', 'Lion', 'Lion', '2025-02-06 16:26:55', 'root@localhost'),
(1810, 57, 'Vale', 'Vale', 'Lion', 'Lion', '2025-02-06 16:26:55', 'root@localhost'),
(1811, 57, 'Vale', 'Vale', 'Lion', 'Lion', '2025-02-06 16:26:55', 'root@localhost'),
(1812, 57, 'Vale', 'Vale', 'Lion', 'Lion', '2025-02-06 16:26:55', 'root@localhost'),
(1813, 57, 'Vale', 'Vale', 'Lion', 'Lion', '2025-02-06 16:26:55', 'root@localhost'),
(1814, 57, 'Vale', 'Vale', 'Lion', 'Lion', '2025-02-06 16:26:55', 'root@localhost'),
(1815, 57, 'Vale', 'Vale', 'Lion', 'Lion', '2025-02-06 16:26:55', 'root@localhost'),
(1816, 57, 'Vale', 'Vale', 'Lion', 'Lion', '2025-02-06 16:26:55', 'root@localhost'),
(1817, 57, 'Vale', 'Vale', 'Lion', 'Lion', '2025-02-06 16:26:55', 'root@localhost'),
(1818, 57, 'Vale', 'Vale', 'Lion', 'Lion', '2025-02-06 16:26:55', 'root@localhost'),
(1819, 57, 'Vale', 'Vale', 'Lion', 'Lion', '2025-02-06 16:26:55', 'root@localhost'),
(1820, 57, 'Vale', 'Vale', 'Lion', 'Lion', '2025-02-06 16:26:56', 'root@localhost'),
(1821, 57, 'Vale', 'Vale', 'Lion', 'Lion', '2025-02-06 16:26:56', 'root@localhost'),
(1822, 57, 'Vale', 'Vale', 'Lion', 'Lion', '2025-02-06 16:26:56', 'root@localhost'),
(1823, 57, 'Vale', 'Vale', 'Lion', 'Lion', '2025-02-06 16:26:56', 'root@localhost'),
(1824, 57, 'Vale', 'Vale', 'Lion', 'Lion', '2025-02-06 16:26:56', 'root@localhost'),
(1825, 57, 'Vale', 'Vale', 'Lion', 'Lion', '2025-02-06 16:26:56', 'root@localhost'),
(1826, 57, 'Vale', 'Vale', 'Lion', 'Lion', '2025-02-06 16:26:56', 'root@localhost'),
(1827, 57, 'Vale', 'Vale', 'Lion', 'Lion', '2025-02-06 16:26:56', 'root@localhost'),
(1828, 57, 'Vale', 'Vale', 'Lion', 'Lion', '2025-02-06 16:26:56', 'root@localhost'),
(1829, 57, 'Vale', 'Vale', 'Lion', 'Lion', '2025-02-06 16:26:56', 'root@localhost'),
(1830, 57, 'Vale', 'Vale', 'Lion', 'Lion', '2025-02-06 16:26:56', 'root@localhost'),
(1831, 57, 'Vale', 'Vale', 'Lion', 'Lion', '2025-02-06 16:26:56', 'root@localhost'),
(1832, 57, 'Vale', 'Vale', 'Lion', 'Lion', '2025-02-06 16:26:56', 'root@localhost'),
(1833, 57, 'Vale', 'Vale', 'Lion', 'Lion', '2025-02-06 16:26:56', 'root@localhost'),
(1834, 57, 'Vale', 'Vale', 'Lion', 'Lion', '2025-02-06 16:26:56', 'root@localhost'),
(1835, 57, 'Vale', 'Vale', 'Lion', 'Lion', '2025-02-06 16:26:56', 'root@localhost'),
(1836, 57, 'Vale', 'Vale', 'Lion', 'Lion', '2025-02-06 16:26:56', 'root@localhost'),
(1837, 57, 'Vale', 'Vale', 'Lion', 'Lion', '2025-02-06 16:26:56', 'root@localhost'),
(1838, 57, 'Vale', 'Vale', 'Lion', 'Lion', '2025-02-06 16:26:56', 'root@localhost'),
(1839, 57, 'Vale', 'Vale', 'Lion', 'Lion', '2025-02-06 16:26:56', 'root@localhost'),
(1840, 57, 'Vale', 'Vale', 'Lion', 'Lion', '2025-02-06 16:26:56', 'root@localhost'),
(1841, 57, 'Vale', 'Vale', 'Lion', 'Lion', '2025-02-06 16:26:56', 'root@localhost'),
(1842, 57, 'Vale', 'Vale', 'Lion', 'Lion', '2025-02-06 16:26:56', 'root@localhost'),
(1843, 57, 'Vale', 'Vale', 'Lion', 'Lion', '2025-02-06 16:26:56', 'root@localhost'),
(1844, 57, 'Vale', 'Vale', 'Lion', 'Lion', '2025-02-06 16:26:56', 'root@localhost'),
(1845, 57, 'Vale', 'Vale', 'Lion', 'Lion', '2025-02-06 16:26:57', 'root@localhost'),
(1846, 57, 'Vale', 'Vale', 'Lion', 'Lion', '2025-02-06 16:26:57', 'root@localhost'),
(1847, 57, 'Vale', 'Vale', 'Lion', 'Lion', '2025-02-06 16:26:57', 'root@localhost'),
(1848, 57, 'Vale', 'Vale', 'Lion', 'Lion', '2025-02-06 16:26:57', 'root@localhost'),
(1849, 57, 'Vale', 'Vale', 'Lion', 'Lion', '2025-02-06 16:26:57', 'root@localhost'),
(1850, 57, 'Vale', 'Vale', 'Lion', 'Lion', '2025-02-06 16:26:57', 'root@localhost'),
(1851, 57, 'Vale', 'Vale', 'Lion', 'Lion', '2025-02-06 16:26:57', 'root@localhost'),
(1852, 57, 'Vale', 'Vale', 'Lion', 'Lion', '2025-02-06 16:26:57', 'root@localhost'),
(1853, 57, 'Vale', 'Vale', 'Lion', 'Lion', '2025-02-06 16:26:57', 'root@localhost'),
(1854, 57, 'Vale', 'Vale', 'Lion', 'Lion', '2025-02-06 16:26:57', 'root@localhost'),
(1855, 57, 'Vale', 'Vale', 'Lion', 'Lion', '2025-02-06 16:26:57', 'root@localhost'),
(1856, 57, 'Vale', 'Vale', 'Lion', 'Lion', '2025-02-06 16:26:57', 'root@localhost'),
(1857, 57, 'Vale', 'Vale', 'Lion', 'Lion', '2025-02-06 16:26:57', 'root@localhost'),
(1858, 57, 'Vale', 'Vale', 'Lion', 'Lion', '2025-02-06 16:26:57', 'root@localhost'),
(1859, 57, 'Vale', 'Vale', 'Lion', 'Lion', '2025-02-06 16:26:57', 'root@localhost'),
(1860, 57, 'Vale', 'Vale', 'Lion', 'Lion', '2025-02-06 16:26:57', 'root@localhost'),
(1861, 57, 'Vale', 'Vale', 'Lion', 'Lion', '2025-02-06 16:26:57', 'root@localhost'),
(1862, 57, 'Vale', 'Vale', 'Lion', 'Lion', '2025-02-06 16:26:57', 'root@localhost'),
(1863, 57, 'Vale', 'Vale', 'Lion', 'Lion', '2025-02-06 16:26:57', 'root@localhost'),
(1864, 57, 'Vale', 'Vale', 'Lion', 'Lion', '2025-02-06 16:26:57', 'root@localhost'),
(1865, 57, 'Vale', 'Vale', 'Lion', 'Lion', '2025-02-06 16:26:57', 'root@localhost'),
(1866, 57, 'Vale', 'Vale', 'Lion', 'Lion', '2025-02-06 16:26:57', 'root@localhost'),
(1867, 57, 'Vale', 'Vale', 'Lion', 'Lion', '2025-02-06 16:26:57', 'root@localhost'),
(1868, 57, 'Vale', 'Vale', 'Lion', 'Lion', '2025-02-06 16:26:57', 'root@localhost'),
(1869, 57, 'Vale', 'Vale', 'Lion', 'Lion', '2025-02-06 16:26:57', 'root@localhost'),
(1870, 57, 'Vale', 'Vale', 'Lion', 'Lion', '2025-02-06 16:26:57', 'root@localhost'),
(1871, 57, 'Vale', 'Vale', 'Lion', 'Lion', '2025-02-06 16:26:58', 'root@localhost'),
(1872, 57, 'Vale', 'Vale', 'Lion', 'Lion', '2025-02-06 16:26:58', 'root@localhost'),
(1873, 57, 'Vale', 'Vale', 'Lion', 'Lion', '2025-02-06 16:26:58', 'root@localhost'),
(1874, 57, 'Vale', 'Vale', 'Lion', 'Lion', '2025-02-06 16:26:58', 'root@localhost'),
(1875, 57, 'Vale', 'Vale', 'Lion', 'Lion', '2025-02-06 16:26:58', 'root@localhost'),
(1876, 57, 'Vale', 'Vale', 'Lion', 'Lion', '2025-02-06 16:26:58', 'root@localhost'),
(1877, 57, 'Vale', 'Vale', 'Lion', 'Lion', '2025-02-06 16:26:58', 'root@localhost'),
(1878, 57, 'Vale', 'Vale', 'Lion', 'Lion', '2025-02-06 16:26:58', 'root@localhost'),
(1879, 57, 'Vale', 'Vale', 'Lion', 'Lion', '2025-02-06 16:26:58', 'root@localhost'),
(1880, 57, 'Vale', 'Vale', 'Lion', 'Lion', '2025-02-06 16:26:58', 'root@localhost'),
(1881, 57, 'Vale', 'Vale', 'Lion', 'Lion', '2025-02-06 16:26:58', 'root@localhost'),
(1882, 57, 'Vale', 'Vale', 'Lion', 'Lion', '2025-02-06 16:26:58', 'root@localhost'),
(1883, 57, 'Vale', 'Vale', 'Lion', 'Lion', '2025-02-06 16:26:58', 'root@localhost'),
(1884, 57, 'Vale', 'Vale', 'Lion', 'Lion', '2025-02-06 16:26:58', 'root@localhost'),
(1885, 57, 'Vale', 'Vale', 'Lion', 'Lion', '2025-02-06 16:26:58', 'root@localhost'),
(1886, 57, 'Vale', 'Vale', 'Lion', 'Lion', '2025-02-06 16:26:58', 'root@localhost'),
(1887, 57, 'Vale', 'Vale', 'Lion', 'Lion', '2025-02-06 16:26:58', 'root@localhost'),
(1888, 57, 'Vale', 'Vale', 'Lion', 'Lion', '2025-02-06 16:26:58', 'root@localhost'),
(1889, 57, 'Vale', 'Vale', 'Lion', 'Lion', '2025-02-06 16:26:58', 'root@localhost'),
(1890, 57, 'Vale', 'Vale', 'Lion', 'Lion', '2025-02-06 16:26:59', 'root@localhost'),
(1891, 57, 'Vale', 'Vale', 'Lion', 'Lion', '2025-02-06 16:26:59', 'root@localhost'),
(1892, 57, 'Vale', 'Vale', 'Lion', 'Lion', '2025-02-06 16:26:59', 'root@localhost'),
(1893, 57, 'Vale', 'Vale', 'Lion', 'Lion', '2025-02-06 16:26:59', 'root@localhost'),
(1894, 57, 'Vale', 'Vale', 'Lion', 'Lion', '2025-02-06 16:26:59', 'root@localhost'),
(1895, 57, 'Vale', 'Vale', 'Lion', 'Lion', '2025-02-06 16:26:59', 'root@localhost'),
(1896, 57, 'Vale', 'Vale', 'Lion', 'Lion', '2025-02-06 16:26:59', 'root@localhost'),
(1897, 57, 'Vale', 'Vale', 'Lion', 'Lion', '2025-02-06 16:26:59', 'root@localhost'),
(1898, 57, 'Vale', 'Vale', 'Lion', 'Lion', '2025-02-06 16:26:59', 'root@localhost'),
(1899, 57, 'Vale', 'Vale', 'Lion', 'Lion', '2025-02-06 16:26:59', 'root@localhost'),
(1900, 57, 'Vale', 'Vale', 'Lion', 'Lion', '2025-02-06 16:26:59', 'root@localhost'),
(1901, 57, 'Vale', 'Vale', 'Lion', 'Lion', '2025-02-06 16:26:59', 'root@localhost'),
(1902, 57, 'Vale', 'Vale', 'Lion', 'Lion', '2025-02-06 16:26:59', 'root@localhost'),
(1903, 57, 'Vale', 'Vale', 'Lion', 'Lion', '2025-02-06 16:26:59', 'root@localhost'),
(1904, 57, 'Vale', 'Vale', 'Lion', 'Lion', '2025-02-06 16:26:59', 'root@localhost'),
(1905, 57, 'Vale', 'Vale', 'Lion', 'Lion', '2025-02-06 16:26:59', 'root@localhost'),
(1906, 57, 'Vale', 'Vale', 'Lion', 'Lion', '2025-02-06 16:26:59', 'root@localhost'),
(1907, 57, 'Vale', 'Vale', 'Lion', 'Lion', '2025-02-06 16:26:59', 'root@localhost'),
(1908, 57, 'Vale', 'Vale', 'Lion', 'Lion', '2025-02-06 16:26:59', 'root@localhost'),
(1909, 57, 'Vale', 'Vale', 'Lion', 'Lion', '2025-02-06 16:26:59', 'root@localhost'),
(1910, 57, 'Vale', 'Vale', 'Lion', 'Lion', '2025-02-06 16:26:59', 'root@localhost'),
(1911, 57, 'Vale', 'Vale', 'Lion', 'Lion', '2025-02-06 16:26:59', 'root@localhost'),
(1912, 57, 'Vale', 'Vale', 'Lion', 'Lion', '2025-02-06 16:26:59', 'root@localhost'),
(1913, 57, 'Vale', 'Vale', 'Lion', 'Lion', '2025-02-06 16:26:59', 'root@localhost'),
(1914, 57, 'Vale', 'Vale', 'Lion', 'Lion', '2025-02-06 16:26:59', 'root@localhost'),
(1915, 57, 'Vale', 'Vale', 'Lion', 'Lion', '2025-02-06 16:27:00', 'root@localhost'),
(1916, 57, 'Vale', 'Vale', 'Lion', 'Lion', '2025-02-06 16:27:00', 'root@localhost'),
(1917, 57, 'Vale', 'Vale', 'Lion', 'Lion', '2025-02-06 16:27:00', 'root@localhost'),
(1918, 57, 'Vale', 'Vale', 'Lion', 'Lion', '2025-02-06 16:27:00', 'root@localhost'),
(1919, 57, 'Vale', 'Vale', 'Lion', 'Lion', '2025-02-06 16:27:00', 'root@localhost'),
(1920, 57, 'Vale', 'Vale', 'Lion', 'Lion', '2025-02-06 16:27:00', 'root@localhost'),
(1921, 57, 'Vale', 'Vale', 'Lion', 'Lion', '2025-02-06 16:27:00', 'root@localhost'),
(1922, 57, 'Vale', 'Vale', 'Lion', 'Lion', '2025-02-06 16:27:00', 'root@localhost'),
(1923, 57, 'Vale', 'Vale', 'Lion', 'Lion', '2025-02-06 16:27:00', 'root@localhost'),
(1924, 57, 'Vale', 'Vale', 'Lion', 'Lion', '2025-02-06 16:27:00', 'root@localhost'),
(1925, 57, 'Vale', 'Vale', 'Lion', 'Lion', '2025-02-06 16:27:00', 'root@localhost'),
(1926, 57, 'Vale', 'Vale', 'Lion', 'Lion', '2025-02-06 16:27:00', 'root@localhost'),
(1927, 57, 'Vale', 'Vale', 'Lion', 'Lion', '2025-02-06 16:27:00', 'root@localhost'),
(1928, 57, 'Vale', 'Vale', 'Lion', 'Lion', '2025-02-06 16:27:00', 'root@localhost'),
(1929, 57, 'Vale', 'Vale', 'Lion', 'Lion', '2025-02-06 16:27:00', 'root@localhost'),
(1930, 57, 'Vale', 'Vale', 'Lion', 'Lion', '2025-02-06 16:27:00', 'root@localhost'),
(1931, 57, 'Vale', 'Vale', 'Lion', 'Lion', '2025-02-06 16:27:00', 'root@localhost'),
(1932, 57, 'Vale', 'Vale', 'Lion', 'Lion', '2025-02-06 16:27:00', 'root@localhost'),
(1933, 57, 'Vale', 'Vale', 'Lion', 'Lion', '2025-02-06 16:27:00', 'root@localhost'),
(1934, 57, 'Vale', 'Vale', 'Lion', 'Lion', '2025-02-06 16:27:00', 'root@localhost'),
(1935, 57, 'Vale', 'Vale', 'Lion', 'Lion', '2025-02-06 16:27:00', 'root@localhost'),
(1936, 57, 'Vale', 'Vale', 'Lion', 'Lion', '2025-02-06 16:27:00', 'root@localhost'),
(1937, 57, 'Vale', 'Vale', 'Lion', 'Lion', '2025-02-06 16:27:00', 'root@localhost'),
(1938, 57, 'Vale', 'Vale', 'Lion', 'Lion', '2025-02-06 16:27:00', 'root@localhost'),
(1939, 57, 'Vale', 'Vale', 'Lion', 'Lion', '2025-02-06 16:27:00', 'root@localhost'),
(1940, 57, 'Vale', 'Vale', 'Lion', 'Lion', '2025-02-06 16:27:01', 'root@localhost'),
(1941, 57, 'Vale', 'Vale', 'Lion', 'Lion', '2025-02-06 16:27:01', 'root@localhost'),
(1942, 57, 'Vale', 'Vale', 'Lion', 'Lion', '2025-02-06 16:27:01', 'root@localhost'),
(1943, 57, 'Vale', 'Vale', 'Lion', 'Lion', '2025-02-06 16:27:01', 'root@localhost'),
(1944, 57, 'Vale', 'Vale', 'Lion', 'Lion', '2025-02-06 16:27:01', 'root@localhost'),
(1945, 57, 'Vale', 'Vale', 'Lion', 'Lion', '2025-02-06 16:27:01', 'root@localhost'),
(1946, 57, 'Vale', 'Vale', 'Lion', 'Lion', '2025-02-06 16:27:01', 'root@localhost'),
(1947, 57, 'Vale', 'Vale', 'Lion', 'Lion', '2025-02-06 16:27:01', 'root@localhost'),
(1948, 57, 'Vale', 'Vale', 'Lion', 'Lion', '2025-02-06 16:27:01', 'root@localhost'),
(1949, 57, 'Vale', 'Vale', 'Lion', 'Lion', '2025-02-06 16:27:01', 'root@localhost'),
(1950, 57, 'Vale', 'Vale', 'Lion', 'Lion', '2025-02-06 16:27:01', 'root@localhost'),
(1951, 57, 'Vale', 'Vale', 'Lion', 'Lion', '2025-02-06 16:27:01', 'root@localhost'),
(1952, 57, 'Vale', 'Vale', 'Lion', 'Lion', '2025-02-06 16:27:01', 'root@localhost'),
(1953, 57, 'Vale', 'Vale', 'Lion', 'Lion', '2025-02-06 16:27:01', 'root@localhost'),
(1954, 57, 'Vale', 'Vale', 'Lion', 'Lion', '2025-02-06 16:27:01', 'root@localhost'),
(1955, 57, 'Vale', 'Vale', 'Lion', 'Lion', '2025-02-06 16:27:01', 'root@localhost'),
(1956, 57, 'Vale', 'Vale', 'Lion', 'Lion', '2025-02-06 16:27:01', 'root@localhost'),
(1957, 57, 'Vale', 'Vale', 'Lion', 'Lion', '2025-02-06 16:27:02', 'root@localhost'),
(1958, 57, 'Vale', 'Vale', 'Lion', 'Lion', '2025-02-06 16:27:02', 'root@localhost'),
(1959, 57, 'Vale', 'Vale', 'Lion', 'Lion', '2025-02-06 16:27:02', 'root@localhost'),
(1960, 57, 'Vale', 'Vale', 'Lion', 'Lion', '2025-02-06 16:27:02', 'root@localhost'),
(1961, 57, 'Vale', 'Vale', 'Lion', 'Lion', '2025-02-06 16:27:02', 'root@localhost'),
(1962, 57, 'Vale', 'Vale', 'Lion', 'Lion', '2025-02-06 16:27:02', 'root@localhost'),
(1963, 57, 'Vale', 'Vale', 'Lion', 'Lion', '2025-02-06 16:27:02', 'root@localhost'),
(1964, 57, 'Vale', 'Vale', 'Lion', 'Lion', '2025-02-06 16:27:02', 'root@localhost'),
(1965, 57, 'Vale', 'Vale', 'Lion', 'Lion', '2025-02-06 16:27:02', 'root@localhost'),
(1966, 57, 'Vale', 'Vale', 'Lion', 'Lion', '2025-02-06 16:27:02', 'root@localhost'),
(1967, 57, 'Vale', 'Vale', 'Lion', 'Lion', '2025-02-06 16:27:02', 'root@localhost'),
(1968, 57, 'Vale', 'Vale', 'Lion', 'Lion', '2025-02-06 16:27:02', 'root@localhost'),
(1969, 57, 'Vale', 'Vale', 'Lion', 'Lion', '2025-02-06 16:27:02', 'root@localhost'),
(1970, 57, 'Vale', 'Vale', 'Lion', 'Lion', '2025-02-06 16:27:02', 'root@localhost'),
(1971, 57, 'Vale', 'Vale', 'Lion', 'Lion', '2025-02-06 16:27:02', 'root@localhost'),
(1972, 57, 'Vale', 'Vale', 'Lion', 'Lion', '2025-02-06 16:27:02', 'root@localhost'),
(1973, 57, 'Vale', 'Vale', 'Lion', 'Lion', '2025-02-06 16:27:02', 'root@localhost'),
(1974, 57, 'Vale', 'Vale', 'Lion', 'Lion', '2025-02-06 16:27:02', 'root@localhost'),
(1975, 57, 'Vale', 'Vale', 'Lion', 'Lion', '2025-02-06 16:27:02', 'root@localhost'),
(1976, 57, 'Vale', 'Vale', 'Lion', 'Lion', '2025-02-06 16:27:03', 'root@localhost'),
(1977, 57, 'Vale', 'Vale', 'Lion', 'Lion', '2025-02-06 16:27:03', 'root@localhost'),
(1978, 57, 'Vale', 'Vale', 'Lion', 'Lion', '2025-02-06 16:27:03', 'root@localhost'),
(1979, 57, 'Vale', 'Vale', 'Lion', 'Lion', '2025-02-06 16:27:03', 'root@localhost'),
(1980, 57, 'Vale', 'Vale', 'Lion', 'Lion', '2025-02-06 16:27:03', 'root@localhost'),
(1981, 57, 'Vale', 'Vale', 'Lion', 'Lion', '2025-02-06 16:27:03', 'root@localhost'),
(1982, 57, 'Vale', 'Vale', 'Lion', 'Lion', '2025-02-06 16:27:03', 'root@localhost'),
(1983, 57, 'Vale', 'Vale', 'Lion', 'Lion', '2025-02-06 16:27:03', 'root@localhost'),
(1984, 57, 'Vale', 'Vale', 'Lion', 'Lion', '2025-02-06 16:27:03', 'root@localhost'),
(1985, 57, 'Vale', 'Vale', 'Lion', 'Lion', '2025-02-06 16:27:03', 'root@localhost'),
(1986, 57, 'Vale', 'Vale', 'Lion', 'Lion', '2025-02-06 16:27:03', 'root@localhost'),
(1987, 57, 'Vale', 'Vale', 'Lion', 'Lion', '2025-02-06 16:27:03', 'root@localhost'),
(1988, 57, 'Vale', 'Vale', 'Lion', 'Lion', '2025-02-06 16:27:03', 'root@localhost'),
(1989, 57, 'Vale', 'Vale', 'Lion', 'Lion', '2025-02-06 16:27:03', 'root@localhost'),
(1990, 57, 'Vale', 'Vale', 'Lion', 'Lion', '2025-02-06 16:27:03', 'root@localhost'),
(1991, 57, 'Vale', 'Vale', 'Lion', 'Lion', '2025-02-06 16:27:03', 'root@localhost'),
(1992, 57, 'Vale', 'Vale', 'Lion', 'Lion', '2025-02-06 16:27:03', 'root@localhost'),
(1993, 57, 'Vale', 'Vale', 'Lion', 'Lion', '2025-02-06 16:27:03', 'root@localhost'),
(1994, 57, 'Vale', 'Vale', 'Lion', 'Lion', '2025-02-06 16:27:03', 'root@localhost'),
(1995, 57, 'Vale', 'Vale', 'Lion', 'Lion', '2025-02-06 16:27:03', 'root@localhost'),
(1996, 57, 'Vale', 'Vale', 'Lion', 'Lion', '2025-02-06 16:27:03', 'root@localhost'),
(1997, 57, 'Vale', 'Vale', 'Lion', 'Lion', '2025-02-06 16:27:03', 'root@localhost'),
(1998, 57, 'Vale', 'Vale', 'Lion', 'Lion', '2025-02-06 16:27:04', 'root@localhost'),
(1999, 57, 'Vale', 'Vale', 'Lion', 'Lion', '2025-02-06 16:27:04', 'root@localhost'),
(2000, 57, 'Vale', 'Vale', 'Lion', 'Lion', '2025-02-06 16:27:04', 'root@localhost'),
(2001, 57, 'Vale', 'Vale', 'Lion', 'Lion', '2025-02-06 16:27:04', 'root@localhost'),
(2002, 57, 'Vale', 'Vale', 'Lion', 'Lion', '2025-02-06 16:27:04', 'root@localhost'),
(2003, 57, 'Vale', 'Vale', 'Lion', 'Lion', '2025-02-06 16:27:04', 'root@localhost'),
(2004, 57, 'Vale', 'Vale', 'Lion', 'Lion', '2025-02-06 16:27:04', 'root@localhost'),
(2005, 57, 'Vale', 'Vale', 'Lion', 'Lion', '2025-02-06 16:27:04', 'root@localhost'),
(2006, 57, 'Vale', 'Vale', 'Lion', 'Lion', '2025-02-06 16:27:04', 'root@localhost'),
(2007, 57, 'Vale', 'Vale', 'Lion', 'Lion', '2025-02-06 16:27:04', 'root@localhost'),
(2008, 57, 'Vale', 'Vale', 'Lion', 'Lion', '2025-02-06 16:27:04', 'root@localhost'),
(2009, 57, 'Vale', 'Vale', 'Lion', 'Lion', '2025-02-06 16:27:04', 'root@localhost'),
(2010, 57, 'Vale', 'Vale', 'Lion', 'Lion', '2025-02-06 16:27:04', 'root@localhost'),
(2011, 57, 'Vale', 'Vale', 'Lion', 'Lion', '2025-02-06 16:27:04', 'root@localhost'),
(2012, 57, 'Vale', 'Vale', 'Lion', 'Lion', '2025-02-06 16:27:04', 'root@localhost'),
(2013, 57, 'Vale', 'Vale', 'Lion', 'Lion', '2025-02-06 16:27:04', 'root@localhost'),
(2014, 57, 'Vale', 'Vale', 'Lion', 'Lion', '2025-02-06 16:27:04', 'root@localhost'),
(2015, 57, 'Vale', 'Vale', 'Lion', 'Lion', '2025-02-06 16:27:04', 'root@localhost'),
(2016, 57, 'Vale', 'Vale', 'Lion', 'Lion', '2025-02-06 16:27:04', 'root@localhost'),
(2017, 57, 'Vale', 'Vale', 'Lion', 'Lion', '2025-02-06 16:27:04', 'root@localhost'),
(2018, 57, 'Vale', 'Vale', 'Lion', 'Lion', '2025-02-06 16:27:04', 'root@localhost'),
(2019, 57, 'Vale', 'Vale', 'Lion', 'Lion', '2025-02-06 16:27:04', 'root@localhost'),
(2020, 57, 'Vale', 'Vale', 'Lion', 'Lion', '2025-02-06 16:27:04', 'root@localhost'),
(2021, 57, 'Vale', 'Vale', 'Lion', 'Lion', '2025-02-06 16:27:04', 'root@localhost'),
(2022, 57, 'Vale', 'Vale', 'Lion', 'Lion', '2025-02-06 16:27:05', 'root@localhost'),
(2023, 57, 'Vale', 'Vale', 'Lion', 'Lion', '2025-02-06 16:27:05', 'root@localhost'),
(2024, 57, 'Vale', 'Vale', 'Lion', 'Lion', '2025-02-06 16:27:05', 'root@localhost'),
(2025, 57, 'Vale', 'Vale', 'Lion', 'Lion', '2025-02-06 16:27:05', 'root@localhost'),
(2026, 57, 'Vale', 'Vale', 'Lion', 'Lion', '2025-02-06 16:27:05', 'root@localhost'),
(2027, 57, 'Vale', 'Vale', 'Lion', 'Lion', '2025-02-06 16:27:05', 'root@localhost'),
(2028, 57, 'Vale', 'Vale', 'Lion', 'Lion', '2025-02-06 16:27:05', 'root@localhost'),
(2029, 57, 'Vale', 'Vale', 'Lion', 'Lion', '2025-02-06 16:27:05', 'root@localhost'),
(2030, 57, 'Vale', 'Vale', 'Lion', 'Lion', '2025-02-06 16:27:05', 'root@localhost'),
(2031, 57, 'Vale', 'Vale', 'Lion', 'Lion', '2025-02-06 16:27:05', 'root@localhost'),
(2032, 57, 'Vale', 'Vale', 'Lion', 'Lion', '2025-02-06 16:27:05', 'root@localhost'),
(2033, 57, 'Vale', 'Vale', 'Lion', 'Lion', '2025-02-06 16:27:05', 'root@localhost'),
(2034, 57, 'Vale', 'Vale', 'Lion', 'Lion', '2025-02-06 16:27:05', 'root@localhost'),
(2035, 57, 'Vale', 'Vale', 'Lion', 'Lion', '2025-02-06 16:27:05', 'root@localhost'),
(2036, 57, 'Vale', 'Vale', 'Lion', 'Lion', '2025-02-06 16:27:05', 'root@localhost'),
(2037, 57, 'Vale', 'Vale', 'Lion', 'Lion', '2025-02-06 16:27:05', 'root@localhost'),
(2038, 57, 'Vale', 'Vale', 'Lion', 'Lion', '2025-02-06 16:27:05', 'root@localhost'),
(2039, 57, 'Vale', 'Vale', 'Lion', 'Lion', '2025-02-06 16:27:05', 'root@localhost'),
(2040, 57, 'Vale', 'Vale', 'Lion', 'Lion', '2025-02-06 16:27:05', 'root@localhost'),
(2041, 57, 'Vale', 'Vale', 'Lion', 'Lion', '2025-02-06 16:27:05', 'root@localhost'),
(2042, 57, 'Vale', 'Vale', 'Lion', 'Lion', '2025-02-06 16:27:05', 'root@localhost');
INSERT INTO `animal_update_log` (`Log_ID`, `Animal_ID`, `Old_Name`, `New_Name`, `Old_Species`, `New_Species`, `Update_Timestamp`, `Updated_By`) VALUES
(2043, 57, 'Vale', 'Vale', 'Lion', 'Lion', '2025-02-06 16:27:05', 'root@localhost'),
(2044, 57, 'Vale', 'Vale', 'Lion', 'Lion', '2025-02-06 16:27:06', 'root@localhost'),
(2045, 57, 'Vale', 'Vale', 'Lion', 'Lion', '2025-02-06 16:27:06', 'root@localhost'),
(2046, 57, 'Vale', 'Vale', 'Lion', 'Lion', '2025-02-06 16:27:06', 'root@localhost'),
(2047, 57, 'Vale', 'Vale', 'Lion', 'Lion', '2025-02-06 16:27:06', 'root@localhost'),
(2048, 57, 'Vale', 'Vale', 'Lion', 'Lion', '2025-02-06 16:27:06', 'root@localhost'),
(2049, 57, 'Vale', 'Vale', 'Lion', 'Lion', '2025-02-06 16:27:06', 'root@localhost'),
(2050, 57, 'Vale', 'Vale', 'Lion', 'Lion', '2025-02-06 16:27:06', 'root@localhost'),
(2051, 57, 'Vale', 'Vale', 'Lion', 'Lion', '2025-02-06 16:27:06', 'root@localhost'),
(2052, 57, 'Vale', 'Vale', 'Lion', 'Lion', '2025-02-06 16:27:06', 'root@localhost'),
(2053, 57, 'Vale', 'Vale', 'Lion', 'Lion', '2025-02-06 16:27:06', 'root@localhost'),
(2054, 57, 'Vale', 'Vale', 'Lion', 'Lion', '2025-02-06 16:27:06', 'root@localhost'),
(2055, 57, 'Vale', 'Vale', 'Lion', 'Lion', '2025-02-06 16:27:06', 'root@localhost'),
(2056, 57, 'Vale', 'Vale', 'Lion', 'Lion', '2025-02-06 16:27:06', 'root@localhost'),
(2057, 57, 'Vale', 'Vale', 'Lion', 'Lion', '2025-02-06 16:27:06', 'root@localhost'),
(2058, 57, 'Vale', 'Vale', 'Lion', 'Lion', '2025-02-06 16:27:06', 'root@localhost'),
(2059, 57, 'Vale', 'Vale', 'Lion', 'Lion', '2025-02-06 16:27:06', 'root@localhost'),
(2060, 57, 'Vale', 'Vale', 'Lion', 'Lion', '2025-02-06 16:27:07', 'root@localhost'),
(2061, 57, 'Vale', 'Vale', 'Lion', 'Lion', '2025-02-06 16:27:07', 'root@localhost'),
(2062, 57, 'Vale', 'Vale', 'Lion', 'Lion', '2025-02-06 16:27:07', 'root@localhost'),
(2063, 57, 'Vale', 'Vale', 'Lion', 'Lion', '2025-02-06 16:27:07', 'root@localhost'),
(2064, 57, 'Vale', 'Vale', 'Lion', 'Lion', '2025-02-06 16:27:07', 'root@localhost'),
(2065, 57, 'Vale', 'Vale', 'Lion', 'Lion', '2025-02-06 16:27:07', 'root@localhost'),
(2066, 57, 'Vale', 'Vale', 'Lion', 'Lion', '2025-02-06 16:27:07', 'root@localhost'),
(2067, 57, 'Vale', 'Vale', 'Lion', 'Lion', '2025-02-06 16:27:07', 'root@localhost'),
(2068, 57, 'Vale', 'Vale', 'Lion', 'Lion', '2025-02-06 16:27:07', 'root@localhost'),
(2069, 57, 'Vale', 'Vale', 'Lion', 'Lion', '2025-02-06 16:27:07', 'root@localhost'),
(2070, 57, 'Vale', 'Vale', 'Lion', 'Lion', '2025-02-06 16:27:07', 'root@localhost'),
(2071, 57, 'Vale', 'Vale', 'Lion', 'Lion', '2025-02-06 16:27:07', 'root@localhost'),
(2072, 57, 'Vale', 'Vale', 'Lion', 'Lion', '2025-02-06 16:27:07', 'root@localhost'),
(2073, 57, 'Vale', 'Vale', 'Lion', 'Lion', '2025-02-06 16:27:07', 'root@localhost'),
(2074, 57, 'Vale', 'Vale', 'Lion', 'Lion', '2025-02-06 16:27:07', 'root@localhost'),
(2075, 57, 'Vale', 'Vale', 'Lion', 'Lion', '2025-02-06 16:27:07', 'root@localhost'),
(2076, 57, 'Vale', 'Vale', 'Lion', 'Lion', '2025-02-06 16:27:07', 'root@localhost'),
(2077, 57, 'Vale', 'Vale', 'Lion', 'Lion', '2025-02-06 16:27:07', 'root@localhost'),
(2078, 57, 'Vale', 'Vale', 'Lion', 'Lion', '2025-02-06 16:27:07', 'root@localhost'),
(2079, 57, 'Vale', 'Vale', 'Lion', 'Lion', '2025-02-06 16:27:07', 'root@localhost'),
(2080, 57, 'Vale', 'Vale', 'Lion', 'Lion', '2025-02-06 16:27:07', 'root@localhost'),
(2081, 57, 'Vale', 'Vale', 'Lion', 'Lion', '2025-02-06 16:27:07', 'root@localhost'),
(2082, 57, 'Vale', 'Vale', 'Lion', 'Lion', '2025-02-06 16:27:08', 'root@localhost'),
(2083, 57, 'Vale', 'Vale', 'Lion', 'Lion', '2025-02-06 16:27:08', 'root@localhost'),
(2084, 57, 'Vale', 'Vale', 'Lion', 'Lion', '2025-02-06 16:27:08', 'root@localhost'),
(2085, 57, 'Vale', 'Vale', 'Lion', 'Lion', '2025-02-06 16:27:08', 'root@localhost'),
(2086, 57, 'Vale', 'Vale', 'Lion', 'Lion', '2025-02-06 16:27:08', 'root@localhost'),
(2087, 57, 'Vale', 'Vale', 'Lion', 'Lion', '2025-02-06 16:27:08', 'root@localhost'),
(2088, 57, 'Vale', 'Vale', 'Lion', 'Lion', '2025-02-06 16:27:08', 'root@localhost'),
(2089, 57, 'Vale', 'Vale', 'Lion', 'Lion', '2025-02-06 16:27:08', 'root@localhost'),
(2090, 57, 'Vale', 'Vale', 'Lion', 'Lion', '2025-02-06 16:27:08', 'root@localhost'),
(2091, 57, 'Vale', 'Vale', 'Lion', 'Lion', '2025-02-06 16:27:08', 'root@localhost'),
(2092, 57, 'Vale', 'Vale', 'Lion', 'Lion', '2025-02-06 16:27:08', 'root@localhost'),
(2093, 57, 'Vale', 'Vale', 'Lion', 'Lion', '2025-02-06 16:27:08', 'root@localhost'),
(2094, 57, 'Vale', 'Vale', 'Lion', 'Lion', '2025-02-06 16:27:08', 'root@localhost'),
(2095, 57, 'Vale', 'Vale', 'Lion', 'Lion', '2025-02-06 16:27:08', 'root@localhost'),
(2096, 57, 'Vale', 'Vale', 'Lion', 'Lion', '2025-02-06 16:27:08', 'root@localhost'),
(2097, 57, 'Vale', 'Vale', 'Lion', 'Lion', '2025-02-06 16:27:08', 'root@localhost'),
(2098, 57, 'Vale', 'Vale', 'Lion', 'Lion', '2025-02-06 16:27:08', 'root@localhost'),
(2099, 57, 'Vale', 'Vale', 'Lion', 'Lion', '2025-02-06 16:27:08', 'root@localhost'),
(2100, 57, 'Vale', 'Vale', 'Lion', 'Lion', '2025-02-06 16:27:08', 'root@localhost'),
(2101, 57, 'Vale', 'Vale', 'Lion', 'Lion', '2025-02-06 16:27:08', 'root@localhost'),
(2102, 57, 'Vale', 'Vale', 'Lion', 'Lion', '2025-02-06 16:27:09', 'root@localhost'),
(2103, 57, 'Vale', 'Vale', 'Lion', 'Lion', '2025-02-06 16:27:09', 'root@localhost'),
(2104, 57, 'Vale', 'Vale', 'Lion', 'Lion', '2025-02-06 16:27:09', 'root@localhost'),
(2105, 57, 'Vale', 'Vale', 'Lion', 'Lion', '2025-02-06 16:27:09', 'root@localhost'),
(2106, 57, 'Vale', 'Vale', 'Lion', 'Lion', '2025-02-06 16:27:09', 'root@localhost'),
(2107, 57, 'Vale', 'Vale', 'Lion', 'Lion', '2025-02-06 16:27:09', 'root@localhost'),
(2108, 57, 'Vale', 'Vale', 'Lion', 'Lion', '2025-02-06 16:27:09', 'root@localhost'),
(2109, 57, 'Vale', 'Vale', 'Lion', 'Lion', '2025-02-06 16:27:09', 'root@localhost'),
(2110, 57, 'Vale', 'Vale', 'Lion', 'Lion', '2025-02-06 16:27:09', 'root@localhost'),
(2111, 57, 'Vale', 'Vale', 'Lion', 'Lion', '2025-02-06 16:27:09', 'root@localhost'),
(2112, 57, 'Vale', 'Vale', 'Lion', 'Lion', '2025-02-06 16:27:09', 'root@localhost'),
(2113, 57, 'Vale', 'Vale', 'Lion', 'Lion', '2025-02-06 16:27:09', 'root@localhost'),
(2114, 57, 'Vale', 'Vale', 'Lion', 'Lion', '2025-02-06 16:27:09', 'root@localhost'),
(2115, 57, 'Vale', 'Vale', 'Lion', 'Lion', '2025-02-06 16:27:09', 'root@localhost'),
(2116, 57, 'Vale', 'Vale', 'Lion', 'Lion', '2025-02-06 16:27:09', 'root@localhost'),
(2117, 57, 'Vale', 'Vale', 'Lion', 'Lion', '2025-02-06 16:27:09', 'root@localhost'),
(2118, 57, 'Vale', 'Vale', 'Lion', 'Lion', '2025-02-06 16:27:09', 'root@localhost'),
(2119, 57, 'Vale', 'Vale', 'Lion', 'Lion', '2025-02-06 16:27:09', 'root@localhost'),
(2120, 57, 'Vale', 'Vale', 'Lion', 'Lion', '2025-02-06 16:27:09', 'root@localhost'),
(2121, 57, 'Vale', 'Vale', 'Lion', 'Lion', '2025-02-06 16:27:09', 'root@localhost'),
(2122, 57, 'Vale', 'Vale', 'Lion', 'Lion', '2025-02-06 16:27:09', 'root@localhost'),
(2123, 57, 'Vale', 'Vale', 'Lion', 'Lion', '2025-02-06 16:27:09', 'root@localhost'),
(2124, 57, 'Vale', 'Vale', 'Lion', 'Lion', '2025-02-06 16:27:09', 'root@localhost'),
(2125, 57, 'Vale', 'Vale', 'Lion', 'Lion', '2025-02-06 16:27:09', 'root@localhost'),
(2126, 57, 'Vale', 'Vale', 'Lion', 'Lion', '2025-02-06 16:27:10', 'root@localhost'),
(2127, 57, 'Vale', 'Vale', 'Lion', 'Lion', '2025-02-06 16:27:10', 'root@localhost'),
(2128, 57, 'Vale', 'Vale', 'Lion', 'Lion', '2025-02-06 16:27:10', 'root@localhost'),
(2129, 57, 'Vale', 'Vale', 'Lion', 'Lion', '2025-02-06 16:27:10', 'root@localhost'),
(2130, 57, 'Vale', 'Vale', 'Lion', 'Lion', '2025-02-06 16:27:10', 'root@localhost'),
(2131, 57, 'Vale', 'Vale', 'Lion', 'Lion', '2025-02-06 16:27:10', 'root@localhost'),
(2132, 57, 'Vale', 'Vale', 'Lion', 'Lion', '2025-02-06 16:27:10', 'root@localhost'),
(2133, 57, 'Vale', 'Vale', 'Lion', 'Lion', '2025-02-06 16:27:10', 'root@localhost'),
(2134, 57, 'Vale', 'Vale', 'Lion', 'Lion', '2025-02-06 16:27:10', 'root@localhost'),
(2135, 57, 'Vale', 'Vale', 'Lion', 'Lion', '2025-02-06 16:27:10', 'root@localhost'),
(2136, 57, 'Vale', 'Vale', 'Lion', 'Lion', '2025-02-06 16:27:10', 'root@localhost'),
(2137, 57, 'Vale', 'Vale', 'Lion', 'Lion', '2025-02-06 16:27:10', 'root@localhost'),
(2138, 57, 'Vale', 'Vale', 'Lion', 'Lion', '2025-02-06 16:27:10', 'root@localhost'),
(2139, 57, 'Vale', 'Vale', 'Lion', 'Lion', '2025-02-06 16:27:10', 'root@localhost'),
(2140, 57, 'Vale', 'Vale', 'Lion', 'Lion', '2025-02-06 16:27:10', 'root@localhost'),
(2141, 57, 'Vale', 'Vale', 'Lion', 'Lion', '2025-02-06 16:27:10', 'root@localhost'),
(2142, 57, 'Vale', 'Vale', 'Lion', 'Lion', '2025-02-06 16:27:10', 'root@localhost'),
(2143, 57, 'Vale', 'Vale', 'Lion', 'Lion', '2025-02-06 16:27:10', 'root@localhost'),
(2144, 57, 'Vale', 'Vale', 'Lion', 'Lion', '2025-02-06 16:27:10', 'root@localhost'),
(2145, 57, 'Vale', 'Vale', 'Lion', 'Lion', '2025-02-06 16:27:10', 'root@localhost'),
(2146, 57, 'Vale', 'Vale', 'Lion', 'Lion', '2025-02-06 16:27:10', 'root@localhost'),
(2147, 57, 'Vale', 'Vale', 'Lion', 'Lion', '2025-02-06 16:27:10', 'root@localhost'),
(2148, 57, 'Vale', 'Vale', 'Lion', 'Lion', '2025-02-06 16:27:10', 'root@localhost'),
(2149, 57, 'Vale', 'Vale', 'Lion', 'Lion', '2025-02-06 16:27:11', 'root@localhost'),
(2150, 57, 'Vale', 'Vale', 'Lion', 'Lion', '2025-02-06 16:27:11', 'root@localhost'),
(2151, 57, 'Vale', 'Vale', 'Lion', 'Lion', '2025-02-06 16:27:11', 'root@localhost'),
(2152, 57, 'Vale', 'Vale', 'Lion', 'Lion', '2025-02-06 16:27:11', 'root@localhost'),
(2153, 57, 'Vale', 'Vale', 'Lion', 'Lion', '2025-02-06 16:27:11', 'root@localhost'),
(2154, 57, 'Vale', 'Vale', 'Lion', 'Lion', '2025-02-06 16:27:11', 'root@localhost'),
(2155, 57, 'Vale', 'Vale', 'Lion', 'Lion', '2025-02-06 16:27:11', 'root@localhost'),
(2156, 57, 'Vale', 'Vale', 'Lion', 'Lion', '2025-02-06 16:27:11', 'root@localhost'),
(2157, 57, 'Vale', 'Vale', 'Lion', 'Lion', '2025-02-06 16:27:11', 'root@localhost'),
(2158, 57, 'Vale', 'Vale', 'Lion', 'Lion', '2025-02-06 16:27:11', 'root@localhost'),
(2159, 57, 'Vale', 'Vale', 'Lion', 'Lion', '2025-02-06 16:27:11', 'root@localhost'),
(2160, 57, 'Vale', 'Vale', 'Lion', 'Lion', '2025-02-06 16:27:11', 'root@localhost'),
(2161, 57, 'Vale', 'Vale', 'Lion', 'Lion', '2025-02-06 16:27:11', 'root@localhost'),
(2162, 57, 'Vale', 'Vale', 'Lion', 'Lion', '2025-02-06 16:27:11', 'root@localhost'),
(2163, 57, 'Vale', 'Vale', 'Lion', 'Lion', '2025-02-06 16:27:11', 'root@localhost'),
(2164, 57, 'Vale', 'Vale', 'Lion', 'Lion', '2025-02-06 16:27:11', 'root@localhost'),
(2165, 57, 'Vale', 'Vale', 'Lion', 'Lion', '2025-02-06 16:27:11', 'root@localhost'),
(2166, 57, 'Vale', 'Vale', 'Lion', 'Lion', '2025-02-06 16:27:12', 'root@localhost'),
(2167, 57, 'Vale', 'Vale', 'Lion', 'Lion', '2025-02-06 16:27:12', 'root@localhost'),
(2168, 57, 'Vale', 'Vale', 'Lion', 'Lion', '2025-02-06 16:27:12', 'root@localhost'),
(2169, 57, 'Vale', 'Vale', 'Lion', 'Lion', '2025-02-06 16:27:12', 'root@localhost'),
(2170, 57, 'Vale', 'Vale', 'Lion', 'Lion', '2025-02-06 16:27:12', 'root@localhost'),
(2171, 57, 'Vale', 'Vale', 'Lion', 'Lion', '2025-02-06 16:27:12', 'root@localhost'),
(2172, 57, 'Vale', 'Vale', 'Lion', 'Lion', '2025-02-06 16:27:12', 'root@localhost'),
(2173, 57, 'Vale', 'Vale', 'Lion', 'Lion', '2025-02-06 16:27:12', 'root@localhost'),
(2174, 57, 'Vale', 'Vale', 'Lion', 'Lion', '2025-02-06 16:27:12', 'root@localhost'),
(2175, 57, 'Vale', 'Vale', 'Lion', 'Lion', '2025-02-06 16:27:12', 'root@localhost'),
(2176, 57, 'Vale', 'Vale', 'Lion', 'Lion', '2025-02-06 16:27:12', 'root@localhost'),
(2177, 57, 'Vale', 'Vale', 'Lion', 'Lion', '2025-02-06 16:27:12', 'root@localhost'),
(2178, 57, 'Vale', 'Vale', 'Lion', 'Lion', '2025-02-06 16:27:12', 'root@localhost'),
(2179, 57, 'Vale', 'Vale', 'Lion', 'Lion', '2025-02-06 16:27:12', 'root@localhost'),
(2180, 57, 'Vale', 'Vale', 'Lion', 'Lion', '2025-02-06 16:27:12', 'root@localhost'),
(2181, 57, 'Vale', 'Vale', 'Lion', 'Lion', '2025-02-06 16:27:12', 'root@localhost'),
(2182, 57, 'Vale', 'Vale', 'Lion', 'Lion', '2025-02-06 16:27:12', 'root@localhost'),
(2183, 57, 'Vale', 'Vale', 'Lion', 'Lion', '2025-02-06 16:27:12', 'root@localhost'),
(2184, 57, 'Vale', 'Vale', 'Lion', 'Lion', '2025-02-06 16:27:12', 'root@localhost'),
(2185, 57, 'Vale', 'Vale', 'Lion', 'Lion', '2025-02-06 16:27:12', 'root@localhost'),
(2186, 57, 'Vale', 'Vale', 'Lion', 'Lion', '2025-02-06 16:27:12', 'root@localhost'),
(2187, 57, 'Vale', 'Vale', 'Lion', 'Lion', '2025-02-06 16:27:12', 'root@localhost'),
(2188, 57, 'Vale', 'Vale', 'Lion', 'Lion', '2025-02-06 16:27:13', 'root@localhost'),
(2189, 57, 'Vale', 'Vale', 'Lion', 'Lion', '2025-02-06 16:27:13', 'root@localhost'),
(2190, 57, 'Vale', 'Vale', 'Lion', 'Lion', '2025-02-06 16:27:13', 'root@localhost'),
(2191, 57, 'Vale', 'Vale', 'Lion', 'Lion', '2025-02-06 16:27:13', 'root@localhost'),
(2192, 57, 'Vale', 'Vale', 'Lion', 'Lion', '2025-02-06 16:27:13', 'root@localhost'),
(2193, 57, 'Vale', 'Vale', 'Lion', 'Lion', '2025-02-06 16:27:13', 'root@localhost'),
(2194, 57, 'Vale', 'Vale', 'Lion', 'Lion', '2025-02-06 16:27:13', 'root@localhost'),
(2195, 57, 'Vale', 'Vale', 'Lion', 'Lion', '2025-02-06 16:27:13', 'root@localhost'),
(2196, 57, 'Vale', 'Vale', 'Lion', 'Lion', '2025-02-06 16:27:13', 'root@localhost'),
(2197, 57, 'Vale', 'Vale', 'Lion', 'Lion', '2025-02-06 16:27:13', 'root@localhost'),
(2198, 57, 'Vale', 'Vale', 'Lion', 'Lion', '2025-02-06 16:27:13', 'root@localhost'),
(2199, 57, 'Vale', 'Vale', 'Lion', 'Lion', '2025-02-06 16:27:13', 'root@localhost'),
(2200, 57, 'Vale', 'Vale', 'Lion', 'Lion', '2025-02-06 16:27:13', 'root@localhost'),
(2201, 57, 'Vale', 'Vale', 'Lion', 'Lion', '2025-02-06 16:27:13', 'root@localhost'),
(2202, 57, 'Vale', 'Vale', 'Lion', 'Lion', '2025-02-06 16:27:13', 'root@localhost'),
(2203, 57, 'Vale', 'Vale', 'Lion', 'Lion', '2025-02-06 16:27:13', 'root@localhost'),
(2204, 57, 'Vale', 'Vale', 'Lion', 'Lion', '2025-02-06 16:27:13', 'root@localhost'),
(2205, 57, 'Vale', 'Vale', 'Lion', 'Lion', '2025-02-06 16:27:13', 'root@localhost'),
(2206, 57, 'Vale', 'Vale', 'Lion', 'Lion', '2025-02-06 16:27:13', 'root@localhost'),
(2207, 57, 'Vale', 'Vale', 'Lion', 'Lion', '2025-02-06 16:27:13', 'root@localhost'),
(2208, 57, 'Vale', 'Vale', 'Lion', 'Lion', '2025-02-06 16:27:13', 'root@localhost'),
(2209, 57, 'Vale', 'Vale', 'Lion', 'Lion', '2025-02-06 16:27:13', 'root@localhost'),
(2210, 57, 'Vale', 'Vale', 'Lion', 'Lion', '2025-02-06 16:27:13', 'root@localhost'),
(2211, 57, 'Vale', 'Vale', 'Lion', 'Lion', '2025-02-06 16:27:14', 'root@localhost'),
(2212, 57, 'Vale', 'Vale', 'Lion', 'Lion', '2025-02-06 16:27:14', 'root@localhost'),
(2213, 57, 'Vale', 'Vale', 'Lion', 'Lion', '2025-02-06 16:27:14', 'root@localhost'),
(2214, 57, 'Vale', 'Vale', 'Lion', 'Lion', '2025-02-06 16:27:14', 'root@localhost'),
(2215, 57, 'Vale', 'Vale', 'Lion', 'Lion', '2025-02-06 16:27:14', 'root@localhost'),
(2216, 57, 'Vale', 'Vale', 'Lion', 'Lion', '2025-02-06 16:27:14', 'root@localhost'),
(2217, 57, 'Vale', 'Vale', 'Lion', 'Lion', '2025-02-06 16:27:14', 'root@localhost'),
(2218, 57, 'Vale', 'Vale', 'Lion', 'Lion', '2025-02-06 16:27:14', 'root@localhost'),
(2219, 57, 'Vale', 'Vale', 'Lion', 'Lion', '2025-02-06 16:27:14', 'root@localhost'),
(2220, 57, 'Vale', 'Vale', 'Lion', 'Lion', '2025-02-06 16:27:14', 'root@localhost'),
(2221, 57, 'Vale', 'Vale', 'Lion', 'Lion', '2025-02-06 16:27:14', 'root@localhost'),
(2222, 57, 'Vale', 'Vale', 'Lion', 'Lion', '2025-02-06 16:27:14', 'root@localhost'),
(2223, 57, 'Vale', 'Vale', 'Lion', 'Lion', '2025-02-06 16:27:14', 'root@localhost'),
(2224, 57, 'Vale', 'Vale', 'Lion', 'Lion', '2025-02-06 16:27:14', 'root@localhost'),
(2225, 57, 'Vale', 'Vale', 'Lion', 'Lion', '2025-02-06 16:27:14', 'root@localhost'),
(2226, 57, 'Vale', 'Vale', 'Lion', 'Lion', '2025-02-06 16:27:14', 'root@localhost'),
(2227, 57, 'Vale', 'Vale', 'Lion', 'Lion', '2025-02-06 16:27:14', 'root@localhost'),
(2228, 57, 'Vale', 'Vale', 'Lion', 'Lion', '2025-02-06 16:27:14', 'root@localhost'),
(2229, 57, 'Vale', 'Vale', 'Lion', 'Lion', '2025-02-06 16:27:14', 'root@localhost'),
(2230, 57, 'Vale', 'Vale', 'Lion', 'Lion', '2025-02-06 16:27:15', 'root@localhost'),
(2231, 57, 'Vale', 'Vale', 'Lion', 'Lion', '2025-02-06 16:27:15', 'root@localhost'),
(2232, 57, 'Vale', 'Vale', 'Lion', 'Lion', '2025-02-06 16:27:15', 'root@localhost'),
(2233, 57, 'Vale', 'Vale', 'Lion', 'Lion', '2025-02-06 16:27:15', 'root@localhost'),
(2234, 57, 'Vale', 'Vale', 'Lion', 'Lion', '2025-02-06 16:27:15', 'root@localhost'),
(2235, 57, 'Vale', 'Vale', 'Lion', 'Lion', '2025-02-06 16:27:15', 'root@localhost'),
(2236, 57, 'Vale', 'Vale', 'Lion', 'Lion', '2025-02-06 16:27:15', 'root@localhost'),
(2237, 57, 'Vale', 'Vale', 'Lion', 'Lion', '2025-02-06 16:27:15', 'root@localhost'),
(2238, 57, 'Vale', 'Vale', 'Lion', 'Lion', '2025-02-06 16:27:15', 'root@localhost'),
(2239, 57, 'Vale', 'Vale', 'Lion', 'Lion', '2025-02-06 16:27:15', 'root@localhost'),
(2240, 57, 'Vale', 'Vale', 'Lion', 'Lion', '2025-02-06 16:27:15', 'root@localhost'),
(2241, 57, 'Vale', 'Vale', 'Lion', 'Lion', '2025-02-06 16:27:15', 'root@localhost'),
(2242, 57, 'Vale', 'Vale', 'Lion', 'Lion', '2025-02-06 16:27:15', 'root@localhost'),
(2243, 57, 'Vale', 'Vale', 'Lion', 'Lion', '2025-02-06 16:27:15', 'root@localhost'),
(2244, 57, 'Vale', 'Vale', 'Lion', 'Lion', '2025-02-06 16:27:15', 'root@localhost'),
(2245, 57, 'Vale', 'Vale', 'Lion', 'Lion', '2025-02-06 16:27:15', 'root@localhost'),
(2246, 57, 'Vale', 'Vale', 'Lion', 'Lion', '2025-02-06 16:27:15', 'root@localhost'),
(2247, 57, 'Vale', 'Vale', 'Lion', 'Lion', '2025-02-06 16:27:15', 'root@localhost'),
(2248, 57, 'Vale', 'Vale', 'Lion', 'Lion', '2025-02-06 16:27:15', 'root@localhost'),
(2249, 57, 'Vale', 'Vale', 'Lion', 'Lion', '2025-02-06 16:27:15', 'root@localhost'),
(2250, 57, 'Vale', 'Vale', 'Lion', 'Lion', '2025-02-06 16:27:15', 'root@localhost'),
(2251, 57, 'Vale', 'Vale', 'Lion', 'Lion', '2025-02-06 16:27:15', 'root@localhost'),
(2252, 57, 'Vale', 'Vale', 'Lion', 'Lion', '2025-02-06 16:27:15', 'root@localhost'),
(2253, 57, 'Vale', 'Vale', 'Lion', 'Lion', '2025-02-06 16:27:15', 'root@localhost'),
(2254, 57, 'Vale', 'Vale', 'Lion', 'Lion', '2025-02-06 16:27:16', 'root@localhost'),
(2255, 57, 'Vale', 'Vale', 'Lion', 'Lion', '2025-02-06 16:27:16', 'root@localhost'),
(2256, 57, 'Vale', 'Vale', 'Lion', 'Lion', '2025-02-06 16:27:16', 'root@localhost'),
(2257, 57, 'Vale', 'Vale', 'Lion', 'Lion', '2025-02-06 16:27:16', 'root@localhost'),
(2258, 57, 'Vale', 'Vale', 'Lion', 'Lion', '2025-02-06 16:27:16', 'root@localhost'),
(2259, 57, 'Vale', 'Vale', 'Lion', 'Lion', '2025-02-06 16:27:16', 'root@localhost'),
(2260, 57, 'Vale', 'Vale', 'Lion', 'Lion', '2025-02-06 16:27:16', 'root@localhost'),
(2261, 57, 'Vale', 'Vale', 'Lion', 'Lion', '2025-02-06 16:27:16', 'root@localhost'),
(2262, 57, 'Vale', 'Vale', 'Lion', 'Lion', '2025-02-06 16:27:16', 'root@localhost'),
(2263, 57, 'Vale', 'Vale', 'Lion', 'Lion', '2025-02-06 16:27:16', 'root@localhost'),
(2264, 57, 'Vale', 'Vale', 'Lion', 'Lion', '2025-02-06 16:27:16', 'root@localhost'),
(2265, 57, 'Vale', 'Vale', 'Lion', 'Lion', '2025-02-06 16:27:16', 'root@localhost'),
(2266, 57, 'Vale', 'Vale', 'Lion', 'Lion', '2025-02-06 16:27:16', 'root@localhost'),
(2267, 57, 'Vale', 'Vale', 'Lion', 'Lion', '2025-02-06 16:27:16', 'root@localhost'),
(2268, 57, 'Vale', 'Vale', 'Lion', 'Lion', '2025-02-06 16:27:16', 'root@localhost'),
(2269, 57, 'Vale', 'Vale', 'Lion', 'Lion', '2025-02-06 16:27:16', 'root@localhost'),
(2270, 57, 'Vale', 'Vale', 'Lion', 'Lion', '2025-02-06 16:27:16', 'root@localhost'),
(2271, 57, 'Vale', 'Vale', 'Lion', 'Lion', '2025-02-06 16:27:16', 'root@localhost'),
(2272, 57, 'Vale', 'Vale', 'Lion', 'Lion', '2025-02-06 16:27:16', 'root@localhost'),
(2273, 57, 'Vale', 'Vale', 'Lion', 'Lion', '2025-02-06 16:27:16', 'root@localhost'),
(2274, 57, 'Vale', 'Vale', 'Lion', 'Lion', '2025-02-06 16:27:16', 'root@localhost'),
(2275, 57, 'Vale', 'Vale', 'Lion', 'Lion', '2025-02-06 16:27:16', 'root@localhost'),
(2276, 57, 'Vale', 'Vale', 'Lion', 'Lion', '2025-02-06 16:27:16', 'root@localhost'),
(2277, 57, 'Vale', 'Vale', 'Lion', 'Lion', '2025-02-06 16:27:17', 'root@localhost'),
(2278, 57, 'Vale', 'Vale', 'Lion', 'Lion', '2025-02-06 16:27:17', 'root@localhost'),
(2279, 57, 'Vale', 'Vale', 'Lion', 'Lion', '2025-02-06 16:27:17', 'root@localhost'),
(2280, 57, 'Vale', 'Vale', 'Lion', 'Lion', '2025-02-06 16:27:17', 'root@localhost'),
(2281, 57, 'Vale', 'Vale', 'Lion', 'Lion', '2025-02-06 16:27:17', 'root@localhost'),
(2282, 57, 'Vale', 'Vale', 'Lion', 'Lion', '2025-02-06 16:27:17', 'root@localhost'),
(2283, 57, 'Vale', 'Vale', 'Lion', 'Lion', '2025-02-06 16:27:17', 'root@localhost'),
(2284, 57, 'Vale', 'Vale', 'Lion', 'Lion', '2025-02-06 16:27:17', 'root@localhost'),
(2285, 57, 'Vale', 'Vale', 'Lion', 'Lion', '2025-02-06 16:27:17', 'root@localhost'),
(2286, 57, 'Vale', 'Vale', 'Lion', 'Lion', '2025-02-06 16:27:17', 'root@localhost'),
(2287, 57, 'Vale', 'Vale', 'Lion', 'Lion', '2025-02-06 16:27:17', 'root@localhost'),
(2288, 57, 'Vale', 'Vale', 'Lion', 'Lion', '2025-02-06 16:27:17', 'root@localhost'),
(2289, 57, 'Vale', 'Vale', 'Lion', 'Lion', '2025-02-06 16:27:17', 'root@localhost'),
(2290, 57, 'Vale', 'Vale', 'Lion', 'Lion', '2025-02-06 16:27:17', 'root@localhost'),
(2291, 57, 'Vale', 'Vale', 'Lion', 'Lion', '2025-02-06 16:27:17', 'root@localhost'),
(2292, 57, 'Vale', 'Vale', 'Lion', 'Lion', '2025-02-06 16:27:17', 'root@localhost'),
(2293, 57, 'Vale', 'Vale', 'Lion', 'Lion', '2025-02-06 16:27:17', 'root@localhost'),
(2294, 57, 'Vale', 'Vale', 'Lion', 'Lion', '2025-02-06 16:27:17', 'root@localhost'),
(2295, 57, 'Vale', 'Vale', 'Lion', 'Lion', '2025-02-06 16:27:17', 'root@localhost'),
(2296, 57, 'Vale', 'Vale', 'Lion', 'Lion', '2025-02-06 16:27:17', 'root@localhost'),
(2297, 57, 'Vale', 'Vale', 'Lion', 'Lion', '2025-02-06 16:27:17', 'root@localhost'),
(2298, 57, 'Vale', 'Vale', 'Lion', 'Lion', '2025-02-06 16:27:17', 'root@localhost'),
(2299, 57, 'Vale', 'Vale', 'Lion', 'Lion', '2025-02-06 16:27:17', 'root@localhost'),
(2300, 57, 'Vale', 'Vale', 'Lion', 'Lion', '2025-02-06 16:27:17', 'root@localhost'),
(2301, 57, 'Vale', 'Vale', 'Lion', 'Lion', '2025-02-06 16:27:17', 'root@localhost'),
(2302, 57, 'Vale', 'Vale', 'Lion', 'Lion', '2025-02-06 16:27:17', 'root@localhost'),
(2303, 57, 'Vale', 'Vale', 'Lion', 'Lion', '2025-02-06 16:27:18', 'root@localhost'),
(2304, 57, 'Vale', 'Vale', 'Lion', 'Lion', '2025-02-06 16:27:18', 'root@localhost'),
(2305, 57, 'Vale', 'Vale', 'Lion', 'Lion', '2025-02-06 16:27:18', 'root@localhost'),
(2306, 57, 'Vale', 'Vale', 'Lion', 'Lion', '2025-02-06 16:27:18', 'root@localhost'),
(2307, 57, 'Vale', 'Vale', 'Lion', 'Lion', '2025-02-06 16:27:18', 'root@localhost'),
(2308, 57, 'Vale', 'Vale', 'Lion', 'Lion', '2025-02-06 16:27:18', 'root@localhost'),
(2309, 57, 'Vale', 'Vale', 'Lion', 'Lion', '2025-02-06 16:27:18', 'root@localhost'),
(2310, 57, 'Vale', 'Vale', 'Lion', 'Lion', '2025-02-06 16:27:18', 'root@localhost'),
(2311, 57, 'Vale', 'Vale', 'Lion', 'Lion', '2025-02-06 16:27:18', 'root@localhost'),
(2312, 57, 'Vale', 'Vale', 'Lion', 'Lion', '2025-02-06 16:27:18', 'root@localhost'),
(2313, 57, 'Vale', 'Vale', 'Lion', 'Lion', '2025-02-06 16:27:18', 'root@localhost'),
(2314, 57, 'Vale', 'Vale', 'Lion', 'Lion', '2025-02-06 16:27:18', 'root@localhost'),
(2315, 57, 'Vale', 'Vale', 'Lion', 'Lion', '2025-02-06 16:27:18', 'root@localhost'),
(2316, 57, 'Vale', 'Vale', 'Lion', 'Lion', '2025-02-06 16:27:18', 'root@localhost'),
(2317, 57, 'Vale', 'Vale', 'Lion', 'Lion', '2025-02-06 16:27:18', 'root@localhost'),
(2318, 57, 'Vale', 'Vale', 'Lion', 'Lion', '2025-02-06 16:27:18', 'root@localhost'),
(2319, 57, 'Vale', 'Vale', 'Lion', 'Lion', '2025-02-06 16:27:18', 'root@localhost'),
(2320, 57, 'Vale', 'Vale', 'Lion', 'Lion', '2025-02-06 16:27:18', 'root@localhost'),
(2321, 57, 'Vale', 'Vale', 'Lion', 'Lion', '2025-02-06 16:27:18', 'root@localhost'),
(2322, 57, 'Vale', 'Vale', 'Lion', 'Lion', '2025-02-06 16:27:18', 'root@localhost'),
(2323, 57, 'Vale', 'Vale', 'Lion', 'Lion', '2025-02-06 16:27:18', 'root@localhost'),
(2324, 57, 'Vale', 'Vale', 'Lion', 'Lion', '2025-02-06 16:27:18', 'root@localhost'),
(2325, 57, 'Vale', 'Vale', 'Lion', 'Lion', '2025-02-06 16:27:18', 'root@localhost'),
(2326, 57, 'Vale', 'Vale', 'Lion', 'Lion', '2025-02-06 16:27:18', 'root@localhost'),
(2327, 57, 'Vale', 'Vale', 'Lion', 'Lion', '2025-02-06 16:27:19', 'root@localhost'),
(2328, 57, 'Vale', 'Vale', 'Lion', 'Lion', '2025-02-06 16:27:19', 'root@localhost'),
(2329, 57, 'Vale', 'Vale', 'Lion', 'Lion', '2025-02-06 16:27:19', 'root@localhost'),
(2330, 57, 'Vale', 'Vale', 'Lion', 'Lion', '2025-02-06 16:27:19', 'root@localhost'),
(2331, 57, 'Vale', 'Vale', 'Lion', 'Lion', '2025-02-06 16:27:19', 'root@localhost'),
(2332, 57, 'Vale', 'Vale', 'Lion', 'Lion', '2025-02-06 16:27:19', 'root@localhost'),
(2333, 57, 'Vale', 'Vale', 'Lion', 'Lion', '2025-02-06 16:27:19', 'root@localhost'),
(2334, 57, 'Vale', 'Vale', 'Lion', 'Lion', '2025-02-06 16:27:19', 'root@localhost'),
(2335, 57, 'Vale', 'Vale', 'Lion', 'Lion', '2025-02-06 16:27:19', 'root@localhost'),
(2336, 57, 'Vale', 'Vale', 'Lion', 'Lion', '2025-02-06 16:27:19', 'root@localhost'),
(2337, 57, 'Vale', 'Vale', 'Lion', 'Lion', '2025-02-06 16:27:19', 'root@localhost'),
(2338, 57, 'Vale', 'Vale', 'Lion', 'Lion', '2025-02-06 16:27:19', 'root@localhost'),
(2339, 57, 'Vale', 'Vale', 'Lion', 'Lion', '2025-02-06 16:27:19', 'root@localhost'),
(2340, 57, 'Vale', 'Vale', 'Lion', 'Lion', '2025-02-06 16:27:19', 'root@localhost'),
(2341, 57, 'Vale', 'Vale', 'Lion', 'Lion', '2025-02-06 16:27:19', 'root@localhost'),
(2342, 57, 'Vale', 'Vale', 'Lion', 'Lion', '2025-02-06 16:27:19', 'root@localhost'),
(2343, 57, 'Vale', 'Vale', 'Lion', 'Lion', '2025-02-06 16:27:19', 'root@localhost'),
(2344, 57, 'Vale', 'Vale', 'Lion', 'Lion', '2025-02-06 16:27:19', 'root@localhost'),
(2345, 57, 'Vale', 'Vale', 'Lion', 'Lion', '2025-02-06 16:27:19', 'root@localhost'),
(2346, 57, 'Vale', 'Vale', 'Lion', 'Lion', '2025-02-06 16:27:19', 'root@localhost'),
(2347, 57, 'Vale', 'Vale', 'Lion', 'Lion', '2025-02-06 16:27:19', 'root@localhost'),
(2348, 57, 'Vale', 'Vale', 'Lion', 'Lion', '2025-02-06 16:27:19', 'root@localhost'),
(2349, 57, 'Vale', 'Vale', 'Lion', 'Lion', '2025-02-06 16:27:19', 'root@localhost'),
(2350, 57, 'Vale', 'Vale', 'Lion', 'Lion', '2025-02-06 16:27:20', 'root@localhost'),
(2351, 57, 'Vale', 'Vale', 'Lion', 'Lion', '2025-02-06 16:27:20', 'root@localhost'),
(2352, 57, 'Vale', 'Vale', 'Lion', 'Lion', '2025-02-06 16:27:20', 'root@localhost'),
(2353, 57, 'Vale', 'Vale', 'Lion', 'Lion', '2025-02-06 16:27:20', 'root@localhost'),
(2354, 57, 'Vale', 'Vale', 'Lion', 'Lion', '2025-02-06 16:27:20', 'root@localhost'),
(2355, 57, 'Vale', 'Vale', 'Lion', 'Lion', '2025-02-06 16:27:20', 'root@localhost'),
(2356, 57, 'Vale', 'Vale', 'Lion', 'Lion', '2025-02-06 16:27:20', 'root@localhost'),
(2357, 57, 'Vale', 'Vale', 'Lion', 'Lion', '2025-02-06 16:27:20', 'root@localhost'),
(2358, 57, 'Vale', 'Vale', 'Lion', 'Lion', '2025-02-06 16:27:20', 'root@localhost'),
(2359, 57, 'Vale', 'Vale', 'Lion', 'Lion', '2025-02-06 16:27:20', 'root@localhost'),
(2360, 57, 'Vale', 'Vale', 'Lion', 'Lion', '2025-02-06 16:27:20', 'root@localhost'),
(2361, 57, 'Vale', 'Vale', 'Lion', 'Lion', '2025-02-06 16:27:20', 'root@localhost'),
(2362, 57, 'Vale', 'Vale', 'Lion', 'Lion', '2025-02-06 16:27:20', 'root@localhost'),
(2363, 57, 'Vale', 'Vale', 'Lion', 'Lion', '2025-02-06 16:27:20', 'root@localhost'),
(2364, 57, 'Vale', 'Vale', 'Lion', 'Lion', '2025-02-06 16:27:20', 'root@localhost'),
(2365, 57, 'Vale', 'Vale', 'Lion', 'Lion', '2025-02-06 16:27:20', 'root@localhost'),
(2366, 57, 'Vale', 'Vale', 'Lion', 'Lion', '2025-02-06 16:27:20', 'root@localhost'),
(2367, 57, 'Vale', 'Vale', 'Lion', 'Lion', '2025-02-06 16:27:20', 'root@localhost'),
(2368, 57, 'Vale', 'Vale', 'Lion', 'Lion', '2025-02-06 16:27:20', 'root@localhost'),
(2369, 57, 'Vale', 'Vale', 'Lion', 'Lion', '2025-02-06 16:27:20', 'root@localhost'),
(2370, 57, 'Vale', 'Vale', 'Lion', 'Lion', '2025-02-06 16:27:20', 'root@localhost'),
(2371, 57, 'Vale', 'Vale', 'Lion', 'Lion', '2025-02-06 16:27:20', 'root@localhost'),
(2372, 57, 'Vale', 'Vale', 'Lion', 'Lion', '2025-02-06 16:27:20', 'root@localhost'),
(2373, 57, 'Vale', 'Vale', 'Lion', 'Lion', '2025-02-06 16:27:20', 'root@localhost'),
(2374, 57, 'Vale', 'Vale', 'Lion', 'Lion', '2025-02-06 16:27:20', 'root@localhost'),
(2375, 57, 'Vale', 'Vale', 'Lion', 'Lion', '2025-02-06 16:27:20', 'root@localhost'),
(2376, 57, 'Vale', 'Vale', 'Lion', 'Lion', '2025-02-06 16:27:20', 'root@localhost'),
(2377, 57, 'Vale', 'Vale', 'Lion', 'Lion', '2025-02-06 16:27:20', 'root@localhost'),
(2378, 57, 'Vale', 'Vale', 'Lion', 'Lion', '2025-02-06 16:27:21', 'root@localhost'),
(2379, 57, 'Vale', 'Vale', 'Lion', 'Lion', '2025-02-06 16:27:21', 'root@localhost'),
(2380, 57, 'Vale', 'Vale', 'Lion', 'Lion', '2025-02-06 16:27:21', 'root@localhost'),
(2381, 57, 'Vale', 'Vale', 'Lion', 'Lion', '2025-02-06 16:27:21', 'root@localhost'),
(2382, 57, 'Vale', 'Vale', 'Lion', 'Lion', '2025-02-06 16:27:21', 'root@localhost'),
(2383, 57, 'Vale', 'Vale', 'Lion', 'Lion', '2025-02-06 16:27:21', 'root@localhost'),
(2384, 57, 'Vale', 'Vale', 'Lion', 'Lion', '2025-02-06 16:27:21', 'root@localhost'),
(2385, 57, 'Vale', 'Vale', 'Lion', 'Lion', '2025-02-06 16:27:21', 'root@localhost'),
(2386, 57, 'Vale', 'Vale', 'Lion', 'Lion', '2025-02-06 16:27:21', 'root@localhost'),
(2387, 57, 'Vale', 'Vale', 'Lion', 'Lion', '2025-02-06 16:27:21', 'root@localhost'),
(2388, 57, 'Vale', 'Vale', 'Lion', 'Lion', '2025-02-06 16:27:21', 'root@localhost'),
(2389, 57, 'Vale', 'Vale', 'Lion', 'Lion', '2025-02-06 16:27:21', 'root@localhost'),
(2390, 57, 'Vale', 'Vale', 'Lion', 'Lion', '2025-02-06 16:27:21', 'root@localhost'),
(2391, 57, 'Vale', 'Vale', 'Lion', 'Lion', '2025-02-06 16:27:21', 'root@localhost'),
(2392, 57, 'Vale', 'Vale', 'Lion', 'Lion', '2025-02-06 16:27:21', 'root@localhost'),
(2393, 57, 'Vale', 'Vale', 'Lion', 'Lion', '2025-02-06 16:27:21', 'root@localhost'),
(2394, 57, 'Vale', 'Vale', 'Lion', 'Lion', '2025-02-06 16:27:21', 'root@localhost'),
(2395, 57, 'Vale', 'Vale', 'Lion', 'Lion', '2025-02-06 16:27:21', 'root@localhost'),
(2396, 57, 'Vale', 'Vale', 'Lion', 'Lion', '2025-02-06 16:27:21', 'root@localhost'),
(2397, 57, 'Vale', 'Vale', 'Lion', 'Lion', '2025-02-06 16:27:21', 'root@localhost'),
(2398, 57, 'Vale', 'Vale', 'Lion', 'Lion', '2025-02-06 16:27:21', 'root@localhost'),
(2399, 57, 'Vale', 'Vale', 'Lion', 'Lion', '2025-02-06 16:27:21', 'root@localhost'),
(2400, 57, 'Vale', 'Vale', 'Lion', 'Lion', '2025-02-06 16:27:21', 'root@localhost'),
(2401, 57, 'Vale', 'Vale', 'Lion', 'Lion', '2025-02-06 16:27:22', 'root@localhost'),
(2402, 57, 'Vale', 'Vale', 'Lion', 'Lion', '2025-02-06 16:27:22', 'root@localhost'),
(2403, 57, 'Vale', 'Vale', 'Lion', 'Lion', '2025-02-06 16:27:22', 'root@localhost'),
(2404, 57, 'Vale', 'Vale', 'Lion', 'Lion', '2025-02-06 16:27:22', 'root@localhost'),
(2405, 57, 'Vale', 'Vale', 'Lion', 'Lion', '2025-02-06 16:27:22', 'root@localhost'),
(2406, 57, 'Vale', 'Vale', 'Lion', 'Lion', '2025-02-06 16:27:22', 'root@localhost'),
(2407, 57, 'Vale', 'Vale', 'Lion', 'Lion', '2025-02-06 16:27:22', 'root@localhost'),
(2408, 57, 'Vale', 'Vale', 'Lion', 'Lion', '2025-02-06 16:27:22', 'root@localhost'),
(2409, 57, 'Vale', 'Vale', 'Lion', 'Lion', '2025-02-06 16:27:22', 'root@localhost'),
(2410, 57, 'Vale', 'Vale', 'Lion', 'Lion', '2025-02-06 16:27:22', 'root@localhost'),
(2411, 57, 'Vale', 'Vale', 'Lion', 'Lion', '2025-02-06 16:27:22', 'root@localhost'),
(2412, 57, 'Vale', 'Vale', 'Lion', 'Lion', '2025-02-06 16:27:22', 'root@localhost'),
(2413, 57, 'Vale', 'Vale', 'Lion', 'Lion', '2025-02-06 16:27:22', 'root@localhost'),
(2414, 57, 'Vale', 'Vale', 'Lion', 'Lion', '2025-02-06 16:27:22', 'root@localhost'),
(2415, 57, 'Vale', 'Vale', 'Lion', 'Lion', '2025-02-06 16:27:22', 'root@localhost'),
(2416, 57, 'Vale', 'Vale', 'Lion', 'Lion', '2025-02-06 16:27:22', 'root@localhost'),
(2417, 57, 'Vale', 'Vale', 'Lion', 'Lion', '2025-02-06 16:27:22', 'root@localhost'),
(2418, 57, 'Vale', 'Vale', 'Lion', 'Lion', '2025-02-06 16:27:22', 'root@localhost'),
(2419, 57, 'Vale', 'Vale', 'Lion', 'Lion', '2025-02-06 16:27:22', 'root@localhost'),
(2420, 57, 'Vale', 'Vale', 'Lion', 'Lion', '2025-02-06 16:27:23', 'root@localhost'),
(2421, 57, 'Vale', 'Vale', 'Lion', 'Lion', '2025-02-06 16:27:23', 'root@localhost'),
(2422, 57, 'Vale', 'Vale', 'Lion', 'Lion', '2025-02-06 16:27:23', 'root@localhost'),
(2423, 57, 'Vale', 'Vale', 'Lion', 'Lion', '2025-02-06 16:27:23', 'root@localhost'),
(2424, 57, 'Vale', 'Vale', 'Lion', 'Lion', '2025-02-06 16:27:23', 'root@localhost'),
(2425, 57, 'Vale', 'Vale', 'Lion', 'Lion', '2025-02-06 16:27:23', 'root@localhost'),
(2426, 57, 'Vale', 'Vale', 'Lion', 'Lion', '2025-02-06 16:27:23', 'root@localhost'),
(2427, 57, 'Vale', 'Vale', 'Lion', 'Lion', '2025-02-06 16:27:23', 'root@localhost'),
(2428, 57, 'Vale', 'Vale', 'Lion', 'Lion', '2025-02-06 16:27:23', 'root@localhost'),
(2429, 57, 'Vale', 'Vale', 'Lion', 'Lion', '2025-02-06 16:27:23', 'root@localhost'),
(2430, 57, 'Vale', 'Vale', 'Lion', 'Lion', '2025-02-06 16:27:23', 'root@localhost'),
(2431, 57, 'Vale', 'Vale', 'Lion', 'Lion', '2025-02-06 16:27:23', 'root@localhost'),
(2432, 57, 'Vale', 'Vale', 'Lion', 'Lion', '2025-02-06 16:27:23', 'root@localhost'),
(2433, 57, 'Vale', 'Vale', 'Lion', 'Lion', '2025-02-06 16:27:23', 'root@localhost'),
(2434, 57, 'Vale', 'Vale', 'Lion', 'Lion', '2025-02-06 16:27:23', 'root@localhost'),
(2435, 57, 'Vale', 'Vale', 'Lion', 'Lion', '2025-02-06 16:27:23', 'root@localhost'),
(2436, 57, 'Vale', 'Vale', 'Lion', 'Lion', '2025-02-06 16:27:23', 'root@localhost'),
(2437, 57, 'Vale', 'Vale', 'Lion', 'Lion', '2025-02-06 16:27:23', 'root@localhost'),
(2438, 57, 'Vale', 'Vale', 'Lion', 'Lion', '2025-02-06 16:27:23', 'root@localhost'),
(2439, 57, 'Vale', 'Vale', 'Lion', 'Lion', '2025-02-06 16:27:23', 'root@localhost'),
(2440, 57, 'Vale', 'Vale', 'Lion', 'Lion', '2025-02-06 16:27:23', 'root@localhost'),
(2441, 57, 'Vale', 'Vale', 'Lion', 'Lion', '2025-02-06 16:27:23', 'root@localhost'),
(2442, 57, 'Vale', 'Vale', 'Lion', 'Lion', '2025-02-06 16:27:23', 'root@localhost'),
(2443, 57, 'Vale', 'Vale', 'Lion', 'Lion', '2025-02-06 16:27:23', 'root@localhost'),
(2444, 57, 'Vale', 'Vale', 'Lion', 'Lion', '2025-02-06 16:27:23', 'root@localhost'),
(2445, 57, 'Vale', 'Vale', 'Lion', 'Lion', '2025-02-06 16:27:24', 'root@localhost'),
(2446, 57, 'Vale', 'Vale', 'Lion', 'Lion', '2025-02-06 16:27:24', 'root@localhost'),
(2447, 57, 'Vale', 'Vale', 'Lion', 'Lion', '2025-02-06 16:27:24', 'root@localhost'),
(2448, 57, 'Vale', 'Vale', 'Lion', 'Lion', '2025-02-06 16:27:24', 'root@localhost'),
(2449, 57, 'Vale', 'Vale', 'Lion', 'Lion', '2025-02-06 16:27:24', 'root@localhost'),
(2450, 57, 'Vale', 'Vale', 'Lion', 'Lion', '2025-02-06 16:27:24', 'root@localhost'),
(2451, 57, 'Vale', 'Vale', 'Lion', 'Lion', '2025-02-06 16:27:24', 'root@localhost'),
(2452, 57, 'Vale', 'Vale', 'Lion', 'Lion', '2025-02-06 16:27:24', 'root@localhost'),
(2453, 57, 'Vale', 'Vale', 'Lion', 'Lion', '2025-02-06 16:27:24', 'root@localhost'),
(2454, 57, 'Vale', 'Vale', 'Lion', 'Lion', '2025-02-06 16:27:24', 'root@localhost'),
(2455, 57, 'Vale', 'Vale', 'Lion', 'Lion', '2025-02-06 16:27:24', 'root@localhost'),
(2456, 57, 'Vale', 'Vale', 'Lion', 'Lion', '2025-02-06 16:27:24', 'root@localhost'),
(2457, 57, 'Vale', 'Vale', 'Lion', 'Lion', '2025-02-06 16:27:24', 'root@localhost'),
(2458, 57, 'Vale', 'Vale', 'Lion', 'Lion', '2025-02-06 16:27:24', 'root@localhost'),
(2459, 57, 'Vale', 'Vale', 'Lion', 'Lion', '2025-02-06 16:27:24', 'root@localhost'),
(2460, 57, 'Vale', 'Vale', 'Lion', 'Lion', '2025-02-06 16:27:24', 'root@localhost'),
(2461, 57, 'Vale', 'Vale', 'Lion', 'Lion', '2025-02-06 16:27:24', 'root@localhost'),
(2462, 57, 'Vale', 'Vale', 'Lion', 'Lion', '2025-02-06 16:27:24', 'root@localhost'),
(2463, 57, 'Vale', 'Vale', 'Lion', 'Lion', '2025-02-06 16:27:25', 'root@localhost'),
(2464, 57, 'Vale', 'Vale', 'Lion', 'Lion', '2025-02-06 16:27:25', 'root@localhost'),
(2465, 57, 'Vale', 'Vale', 'Lion', 'Lion', '2025-02-06 16:27:25', 'root@localhost'),
(2466, 57, 'Vale', 'Vale', 'Lion', 'Lion', '2025-02-06 16:27:25', 'root@localhost'),
(2467, 57, 'Vale', 'Vale', 'Lion', 'Lion', '2025-02-06 16:27:25', 'root@localhost'),
(2468, 57, 'Vale', 'Vale', 'Lion', 'Lion', '2025-02-06 16:27:25', 'root@localhost'),
(2469, 57, 'Vale', 'Vale', 'Lion', 'Lion', '2025-02-06 16:27:25', 'root@localhost'),
(2470, 57, 'Vale', 'Vale', 'Lion', 'Lion', '2025-02-06 16:27:25', 'root@localhost'),
(2471, 57, 'Vale', 'Vale', 'Lion', 'Lion', '2025-02-06 16:27:25', 'root@localhost'),
(2472, 57, 'Vale', 'Vale', 'Lion', 'Lion', '2025-02-06 16:27:25', 'root@localhost'),
(2473, 57, 'Vale', 'Vale', 'Lion', 'Lion', '2025-02-06 16:27:25', 'root@localhost'),
(2474, 57, 'Vale', 'Vale', 'Lion', 'Lion', '2025-02-06 16:27:25', 'root@localhost'),
(2475, 57, 'Vale', 'Vale', 'Lion', 'Lion', '2025-02-06 16:27:25', 'root@localhost'),
(2476, 57, 'Vale', 'Vale', 'Lion', 'Lion', '2025-02-06 16:27:25', 'root@localhost'),
(2477, 57, 'Vale', 'Vale', 'Lion', 'Lion', '2025-02-06 16:27:25', 'root@localhost'),
(2478, 57, 'Vale', 'Vale', 'Lion', 'Lion', '2025-02-06 16:27:25', 'root@localhost'),
(2479, 57, 'Vale', 'Vale', 'Lion', 'Lion', '2025-02-06 16:27:25', 'root@localhost'),
(2480, 57, 'Vale', 'Vale', 'Lion', 'Lion', '2025-02-06 16:27:25', 'root@localhost'),
(2481, 57, 'Vale', 'Vale', 'Lion', 'Lion', '2025-02-06 16:27:25', 'root@localhost'),
(2482, 57, 'Vale', 'Vale', 'Lion', 'Lion', '2025-02-06 16:27:25', 'root@localhost'),
(2483, 57, 'Vale', 'Vale', 'Lion', 'Lion', '2025-02-06 16:27:25', 'root@localhost'),
(2484, 57, 'Vale', 'Vale', 'Lion', 'Lion', '2025-02-06 16:27:25', 'root@localhost'),
(2485, 57, 'Vale', 'Vale', 'Lion', 'Lion', '2025-02-06 16:27:25', 'root@localhost'),
(2486, 57, 'Vale', 'Vale', 'Lion', 'Lion', '2025-02-06 16:27:25', 'root@localhost'),
(2487, 57, 'Vale', 'Vale', 'Lion', 'Lion', '2025-02-06 16:27:25', 'root@localhost'),
(2488, 57, 'Vale', 'Vale', 'Lion', 'Lion', '2025-02-06 16:27:26', 'root@localhost'),
(2489, 57, 'Vale', 'Vale', 'Lion', 'Lion', '2025-02-06 16:27:26', 'root@localhost'),
(2490, 57, 'Vale', 'Vale', 'Lion', 'Lion', '2025-02-06 16:27:26', 'root@localhost'),
(2491, 57, 'Vale', 'Vale', 'Lion', 'Lion', '2025-02-06 16:27:26', 'root@localhost'),
(2492, 57, 'Vale', 'Vale', 'Lion', 'Lion', '2025-02-06 16:27:26', 'root@localhost'),
(2493, 57, 'Vale', 'Vale', 'Lion', 'Lion', '2025-02-06 16:27:26', 'root@localhost'),
(2494, 57, 'Vale', 'Vale', 'Lion', 'Lion', '2025-02-06 16:27:26', 'root@localhost'),
(2495, 57, 'Vale', 'Vale', 'Lion', 'Lion', '2025-02-06 16:27:26', 'root@localhost'),
(2496, 57, 'Vale', 'Vale', 'Lion', 'Lion', '2025-02-06 16:27:26', 'root@localhost'),
(2497, 57, 'Vale', 'Vale', 'Lion', 'Lion', '2025-02-06 16:27:26', 'root@localhost'),
(2498, 57, 'Vale', 'Vale', 'Lion', 'Lion', '2025-02-06 16:27:26', 'root@localhost'),
(2499, 57, 'Vale', 'Vale', 'Lion', 'Lion', '2025-02-06 16:27:26', 'root@localhost'),
(2500, 57, 'Vale', 'Vale', 'Lion', 'Lion', '2025-02-06 16:27:26', 'root@localhost'),
(2501, 57, 'Vale', 'Vale', 'Lion', 'Lion', '2025-02-06 16:27:26', 'root@localhost'),
(2502, 57, 'Vale', 'Vale', 'Lion', 'Lion', '2025-02-06 16:27:26', 'root@localhost'),
(2503, 57, 'Vale', 'Vale', 'Lion', 'Lion', '2025-02-06 16:27:26', 'root@localhost'),
(2504, 57, 'Vale', 'Vale', 'Lion', 'Lion', '2025-02-06 16:27:26', 'root@localhost'),
(2505, 57, 'Vale', 'Vale', 'Lion', 'Lion', '2025-02-06 16:27:26', 'root@localhost'),
(2506, 57, 'Vale', 'Vale', 'Lion', 'Lion', '2025-02-06 16:27:26', 'root@localhost'),
(2507, 57, 'Vale', 'Vale', 'Lion', 'Lion', '2025-02-06 16:27:26', 'root@localhost'),
(2508, 57, 'Vale', 'Vale', 'Lion', 'Lion', '2025-02-06 16:27:26', 'root@localhost'),
(2509, 57, 'Vale', 'Vale', 'Lion', 'Lion', '2025-02-06 16:27:26', 'root@localhost'),
(2510, 57, 'Vale', 'Vale', 'Lion', 'Lion', '2025-02-06 16:27:27', 'root@localhost'),
(2511, 57, 'Vale', 'Vale', 'Lion', 'Lion', '2025-02-06 16:27:27', 'root@localhost'),
(2512, 57, 'Vale', 'Vale', 'Lion', 'Lion', '2025-02-06 16:27:27', 'root@localhost'),
(2513, 57, 'Vale', 'Vale', 'Lion', 'Lion', '2025-02-06 16:27:27', 'root@localhost'),
(2514, 57, 'Vale', 'Vale', 'Lion', 'Lion', '2025-02-06 16:27:27', 'root@localhost'),
(2515, 57, 'Vale', 'Vale', 'Lion', 'Lion', '2025-02-06 16:27:27', 'root@localhost'),
(2516, 57, 'Vale', 'Vale', 'Lion', 'Lion', '2025-02-06 16:27:27', 'root@localhost'),
(2517, 57, 'Vale', 'Vale', 'Lion', 'Lion', '2025-02-06 16:27:27', 'root@localhost'),
(2518, 57, 'Vale', 'Vale', 'Lion', 'Lion', '2025-02-06 16:27:27', 'root@localhost'),
(2519, 57, 'Vale', 'Vale', 'Lion', 'Lion', '2025-02-06 16:27:27', 'root@localhost'),
(2520, 57, 'Vale', 'Vale', 'Lion', 'Lion', '2025-02-06 16:27:27', 'root@localhost'),
(2521, 57, 'Vale', 'Vale', 'Lion', 'Lion', '2025-02-06 16:27:27', 'root@localhost'),
(2522, 57, 'Vale', 'Vale', 'Lion', 'Lion', '2025-02-06 16:27:27', 'root@localhost'),
(2523, 57, 'Vale', 'Vale', 'Lion', 'Lion', '2025-02-06 16:27:27', 'root@localhost'),
(2524, 57, 'Vale', 'Vale', 'Lion', 'Lion', '2025-02-06 16:27:27', 'root@localhost'),
(2525, 57, 'Vale', 'Vale', 'Lion', 'Lion', '2025-02-06 16:27:27', 'root@localhost'),
(2526, 57, 'Vale', 'Vale', 'Lion', 'Lion', '2025-02-06 16:27:27', 'root@localhost'),
(2527, 57, 'Vale', 'Vale', 'Lion', 'Lion', '2025-02-06 16:27:27', 'root@localhost'),
(2528, 57, 'Vale', 'Vale', 'Lion', 'Lion', '2025-02-06 16:27:27', 'root@localhost'),
(2529, 57, 'Vale', 'Vale', 'Lion', 'Lion', '2025-02-06 16:27:28', 'root@localhost'),
(2530, 57, 'Vale', 'Vale', 'Lion', 'Lion', '2025-02-06 16:27:28', 'root@localhost'),
(2531, 57, 'Vale', 'Vale', 'Lion', 'Lion', '2025-02-06 16:27:28', 'root@localhost'),
(2532, 57, 'Vale', 'Vale', 'Lion', 'Lion', '2025-02-06 16:27:28', 'root@localhost'),
(2533, 57, 'Vale', 'Vale', 'Lion', 'Lion', '2025-02-06 16:27:28', 'root@localhost'),
(2534, 57, 'Vale', 'Vale', 'Lion', 'Lion', '2025-02-06 16:27:28', 'root@localhost'),
(2535, 57, 'Vale', 'Vale', 'Lion', 'Lion', '2025-02-06 16:27:28', 'root@localhost'),
(2536, 57, 'Vale', 'Vale', 'Lion', 'Lion', '2025-02-06 16:27:28', 'root@localhost'),
(2537, 57, 'Vale', 'Vale', 'Lion', 'Lion', '2025-02-06 16:27:28', 'root@localhost'),
(2538, 57, 'Vale', 'Vale', 'Lion', 'Lion', '2025-02-06 16:27:28', 'root@localhost'),
(2539, 57, 'Vale', 'Vale', 'Lion', 'Lion', '2025-02-06 16:27:28', 'root@localhost'),
(2540, 57, 'Vale', 'Vale', 'Lion', 'Lion', '2025-02-06 16:27:28', 'root@localhost'),
(2541, 57, 'Vale', 'Vale', 'Lion', 'Lion', '2025-02-06 16:27:28', 'root@localhost'),
(2542, 57, 'Vale', 'Vale', 'Lion', 'Lion', '2025-02-06 16:27:28', 'root@localhost'),
(2543, 57, 'Vale', 'Vale', 'Lion', 'Lion', '2025-02-06 16:27:28', 'root@localhost'),
(2544, 57, 'Vale', 'Vale', 'Lion', 'Lion', '2025-02-06 16:27:28', 'root@localhost'),
(2545, 57, 'Vale', 'Vale', 'Lion', 'Lion', '2025-02-06 16:27:28', 'root@localhost'),
(2546, 57, 'Vale', 'Vale', 'Lion', 'Lion', '2025-02-06 16:27:28', 'root@localhost'),
(2547, 57, 'Vale', 'Vale', 'Lion', 'Lion', '2025-02-06 16:27:28', 'root@localhost'),
(2548, 57, 'Vale', 'Vale', 'Lion', 'Lion', '2025-02-06 16:27:28', 'root@localhost'),
(2549, 57, 'Vale', 'Vale', 'Lion', 'Lion', '2025-02-06 16:27:28', 'root@localhost'),
(2550, 57, 'Vale', 'Vale', 'Lion', 'Lion', '2025-02-06 16:27:28', 'root@localhost'),
(2551, 57, 'Vale', 'Vale', 'Lion', 'Lion', '2025-02-06 16:27:28', 'root@localhost'),
(2552, 57, 'Vale', 'Vale', 'Lion', 'Lion', '2025-02-06 16:27:28', 'root@localhost'),
(2553, 57, 'Vale', 'Vale', 'Lion', 'Lion', '2025-02-06 16:27:28', 'root@localhost'),
(2554, 57, 'Vale', 'Vale', 'Lion', 'Lion', '2025-02-06 16:27:28', 'root@localhost'),
(2555, 57, 'Vale', 'Vale', 'Lion', 'Lion', '2025-02-06 16:27:29', 'root@localhost'),
(2556, 57, 'Vale', 'Vale', 'Lion', 'Lion', '2025-02-06 16:27:29', 'root@localhost'),
(2557, 57, 'Vale', 'Vale', 'Lion', 'Lion', '2025-02-06 16:27:29', 'root@localhost'),
(2558, 57, 'Vale', 'Vale', 'Lion', 'Lion', '2025-02-06 16:27:29', 'root@localhost'),
(2559, 57, 'Vale', 'Vale', 'Lion', 'Lion', '2025-02-06 16:27:29', 'root@localhost'),
(2560, 57, 'Vale', 'Vale', 'Lion', 'Lion', '2025-02-06 16:27:29', 'root@localhost'),
(2561, 57, 'Vale', 'Vale', 'Lion', 'Lion', '2025-02-06 16:27:29', 'root@localhost'),
(2562, 57, 'Vale', 'Vale', 'Lion', 'Lion', '2025-02-06 16:27:29', 'root@localhost'),
(2563, 57, 'Vale', 'Vale', 'Lion', 'Lion', '2025-02-06 16:27:29', 'root@localhost'),
(2564, 57, 'Vale', 'Vale', 'Lion', 'Lion', '2025-02-06 16:27:29', 'root@localhost'),
(2565, 57, 'Vale', 'Vale', 'Lion', 'Lion', '2025-02-06 16:27:29', 'root@localhost'),
(2566, 57, 'Vale', 'Vale', 'Lion', 'Lion', '2025-02-06 16:27:29', 'root@localhost'),
(2567, 57, 'Vale', 'Vale', 'Lion', 'Lion', '2025-02-06 16:27:29', 'root@localhost'),
(2568, 57, 'Vale', 'Vale', 'Lion', 'Lion', '2025-02-06 16:27:29', 'root@localhost'),
(2569, 57, 'Vale', 'Vale', 'Lion', 'Lion', '2025-02-06 16:27:29', 'root@localhost'),
(2570, 57, 'Vale', 'Vale', 'Lion', 'Lion', '2025-02-06 16:27:29', 'root@localhost'),
(2571, 57, 'Vale', 'Vale', 'Lion', 'Lion', '2025-02-06 16:27:29', 'root@localhost'),
(2572, 57, 'Vale', 'Vale', 'Lion', 'Lion', '2025-02-06 16:27:29', 'root@localhost'),
(2573, 57, 'Vale', 'Vale', 'Lion', 'Lion', '2025-02-06 16:27:29', 'root@localhost'),
(2574, 57, 'Vale', 'Vale', 'Lion', 'Lion', '2025-02-06 16:27:29', 'root@localhost'),
(2575, 57, 'Vale', 'Vale', 'Lion', 'Lion', '2025-02-06 16:27:29', 'root@localhost'),
(2576, 57, 'Vale', 'Vale', 'Lion', 'Lion', '2025-02-06 16:27:29', 'root@localhost'),
(2577, 57, 'Vale', 'Vale', 'Lion', 'Lion', '2025-02-06 16:27:29', 'root@localhost'),
(2578, 57, 'Vale', 'Vale', 'Lion', 'Lion', '2025-02-06 16:27:29', 'root@localhost'),
(2579, 57, 'Vale', 'Vale', 'Lion', 'Lion', '2025-02-06 16:27:29', 'root@localhost'),
(2580, 57, 'Vale', 'Vale', 'Lion', 'Lion', '2025-02-06 16:27:29', 'root@localhost'),
(2581, 57, 'Vale', 'Vale', 'Lion', 'Lion', '2025-02-06 16:27:29', 'root@localhost'),
(2582, 57, 'Vale', 'Vale', 'Lion', 'Lion', '2025-02-06 16:27:29', 'root@localhost'),
(2583, 57, 'Vale', 'Vale', 'Lion', 'Lion', '2025-02-06 16:27:30', 'root@localhost'),
(2584, 57, 'Vale', 'Vale', 'Lion', 'Lion', '2025-02-06 16:27:30', 'root@localhost'),
(2585, 57, 'Vale', 'Vale', 'Lion', 'Lion', '2025-02-06 16:27:30', 'root@localhost'),
(2586, 57, 'Vale', 'Vale', 'Lion', 'Lion', '2025-02-06 16:27:30', 'root@localhost'),
(2587, 57, 'Vale', 'Vale', 'Lion', 'Lion', '2025-02-06 16:27:30', 'root@localhost'),
(2588, 57, 'Vale', 'Vale', 'Lion', 'Lion', '2025-02-06 16:27:30', 'root@localhost'),
(2589, 57, 'Vale', 'Vale', 'Lion', 'Lion', '2025-02-06 16:27:30', 'root@localhost'),
(2590, 57, 'Vale', 'Vale', 'Lion', 'Lion', '2025-02-06 16:27:30', 'root@localhost'),
(2591, 57, 'Vale', 'Vale', 'Lion', 'Lion', '2025-02-06 16:27:30', 'root@localhost'),
(2592, 57, 'Vale', 'Vale', 'Lion', 'Lion', '2025-02-06 16:27:30', 'root@localhost'),
(2593, 57, 'Vale', 'Vale', 'Lion', 'Lion', '2025-02-06 16:27:30', 'root@localhost'),
(2594, 57, 'Vale', 'Vale', 'Lion', 'Lion', '2025-02-06 16:27:30', 'root@localhost'),
(2595, 57, 'Vale', 'Vale', 'Lion', 'Lion', '2025-02-06 16:27:30', 'root@localhost'),
(2596, 57, 'Vale', 'Vale', 'Lion', 'Lion', '2025-02-06 16:27:30', 'root@localhost'),
(2597, 57, 'Vale', 'Vale', 'Lion', 'Lion', '2025-02-06 16:27:30', 'root@localhost'),
(2598, 57, 'Vale', 'Vale', 'Lion', 'Lion', '2025-02-06 16:27:30', 'root@localhost'),
(2599, 57, 'Vale', 'Vale', 'Lion', 'Lion', '2025-02-06 16:27:30', 'root@localhost'),
(2600, 57, 'Vale', 'Vale', 'Lion', 'Lion', '2025-02-06 16:27:30', 'root@localhost'),
(2601, 57, 'Vale', 'Vale', 'Lion', 'Lion', '2025-02-06 16:27:30', 'root@localhost'),
(2602, 57, 'Vale', 'Vale', 'Lion', 'Lion', '2025-02-06 16:27:30', 'root@localhost'),
(2603, 57, 'Vale', 'Vale', 'Lion', 'Lion', '2025-02-06 16:27:30', 'root@localhost'),
(2604, 57, 'Vale', 'Vale', 'Lion', 'Lion', '2025-02-06 16:27:30', 'root@localhost'),
(2605, 57, 'Vale', 'Vale', 'Lion', 'Lion', '2025-02-06 16:27:30', 'root@localhost'),
(2606, 57, 'Vale', 'Vale', 'Lion', 'Lion', '2025-02-06 16:27:30', 'root@localhost'),
(2607, 57, 'Vale', 'Vale', 'Lion', 'Lion', '2025-02-06 16:27:31', 'root@localhost'),
(2608, 57, 'Vale', 'Vale', 'Lion', 'Lion', '2025-02-06 16:27:31', 'root@localhost'),
(2609, 57, 'Vale', 'Vale', 'Lion', 'Lion', '2025-02-06 16:27:31', 'root@localhost'),
(2610, 57, 'Vale', 'Vale', 'Lion', 'Lion', '2025-02-06 16:27:31', 'root@localhost'),
(2611, 57, 'Vale', 'Vale', 'Lion', 'Lion', '2025-02-06 16:27:31', 'root@localhost'),
(2612, 57, 'Vale', 'Vale', 'Lion', 'Lion', '2025-02-06 16:27:31', 'root@localhost'),
(2613, 57, 'Vale', 'Vale', 'Lion', 'Lion', '2025-02-06 16:27:31', 'root@localhost'),
(2614, 57, 'Vale', 'Vale', 'Lion', 'Lion', '2025-02-06 16:27:31', 'root@localhost'),
(2615, 57, 'Vale', 'Vale', 'Lion', 'Lion', '2025-02-06 16:27:31', 'root@localhost'),
(2616, 57, 'Vale', 'Vale', 'Lion', 'Lion', '2025-02-06 16:27:31', 'root@localhost'),
(2617, 57, 'Vale', 'Vale', 'Lion', 'Lion', '2025-02-06 16:27:31', 'root@localhost'),
(2618, 57, 'Vale', 'Vale', 'Lion', 'Lion', '2025-02-06 16:27:31', 'root@localhost'),
(2619, 57, 'Vale', 'Vale', 'Lion', 'Lion', '2025-02-06 16:27:31', 'root@localhost'),
(2620, 57, 'Vale', 'Vale', 'Lion', 'Lion', '2025-02-06 16:27:31', 'root@localhost'),
(2621, 57, 'Vale', 'Vale', 'Lion', 'Lion', '2025-02-06 16:27:31', 'root@localhost'),
(2622, 57, 'Vale', 'Vale', 'Lion', 'Lion', '2025-02-06 16:27:31', 'root@localhost'),
(2623, 57, 'Vale', 'Vale', 'Lion', 'Lion', '2025-02-06 16:27:32', 'root@localhost'),
(2624, 57, 'Vale', 'Vale', 'Lion', 'Lion', '2025-02-06 16:27:32', 'root@localhost'),
(2625, 57, 'Vale', 'Vale', 'Lion', 'Lion', '2025-02-06 16:27:32', 'root@localhost'),
(2626, 57, 'Vale', 'Vale', 'Lion', 'Lion', '2025-02-06 16:27:32', 'root@localhost'),
(2627, 57, 'Vale', 'Vale', 'Lion', 'Lion', '2025-02-06 16:27:32', 'root@localhost'),
(2628, 57, 'Vale', 'Vale', 'Lion', 'Lion', '2025-02-06 16:27:32', 'root@localhost'),
(2629, 57, 'Vale', 'Vale', 'Lion', 'Lion', '2025-02-06 16:27:32', 'root@localhost'),
(2630, 57, 'Vale', 'Vale', 'Lion', 'Lion', '2025-02-06 16:27:32', 'root@localhost'),
(2631, 57, 'Vale', 'Vale', 'Lion', 'Lion', '2025-02-06 16:27:32', 'root@localhost'),
(2632, 57, 'Vale', 'Vale', 'Lion', 'Lion', '2025-02-06 16:27:32', 'root@localhost'),
(2633, 57, 'Vale', 'Vale', 'Lion', 'Lion', '2025-02-06 16:27:32', 'root@localhost'),
(2634, 57, 'Vale', 'Vale', 'Lion', 'Lion', '2025-02-06 16:27:32', 'root@localhost'),
(2635, 57, 'Vale', 'Vale', 'Lion', 'Lion', '2025-02-06 16:27:32', 'root@localhost'),
(2636, 57, 'Vale', 'Vale', 'Lion', 'Lion', '2025-02-06 16:27:32', 'root@localhost'),
(2637, 57, 'Vale', 'Vale', 'Lion', 'Lion', '2025-02-06 16:27:32', 'root@localhost'),
(2638, 57, 'Vale', 'Vale', 'Lion', 'Lion', '2025-02-06 16:27:32', 'root@localhost'),
(2639, 57, 'Vale', 'Vale', 'Lion', 'Lion', '2025-02-06 16:27:33', 'root@localhost'),
(2640, 57, 'Vale', 'Vale', 'Lion', 'Lion', '2025-02-06 16:27:33', 'root@localhost'),
(2641, 57, 'Vale', 'Vale', 'Lion', 'Lion', '2025-02-06 16:27:33', 'root@localhost'),
(2642, 57, 'Vale', 'Vale', 'Lion', 'Lion', '2025-02-06 16:27:33', 'root@localhost');
INSERT INTO `animal_update_log` (`Log_ID`, `Animal_ID`, `Old_Name`, `New_Name`, `Old_Species`, `New_Species`, `Update_Timestamp`, `Updated_By`) VALUES
(2643, 57, 'Vale', 'Vale', 'Lion', 'Lion', '2025-02-06 16:27:33', 'root@localhost'),
(2644, 57, 'Vale', 'Vale', 'Lion', 'Lion', '2025-02-06 16:27:33', 'root@localhost'),
(2645, 57, 'Vale', 'Vale', 'Lion', 'Lion', '2025-02-06 16:27:33', 'root@localhost'),
(2646, 57, 'Vale', 'Vale', 'Lion', 'Lion', '2025-02-06 16:27:33', 'root@localhost'),
(2647, 57, 'Vale', 'Vale', 'Lion', 'Lion', '2025-02-06 16:27:33', 'root@localhost'),
(2648, 57, 'Vale', 'Vale', 'Lion', 'Lion', '2025-02-06 16:27:33', 'root@localhost'),
(2649, 57, 'Vale', 'Vale', 'Lion', 'Lion', '2025-02-06 16:27:33', 'root@localhost'),
(2650, 57, 'Vale', 'Vale', 'Lion', 'Lion', '2025-02-06 16:27:33', 'root@localhost'),
(2651, 57, 'Vale', 'Vale', 'Lion', 'Lion', '2025-02-06 16:27:33', 'root@localhost'),
(2652, 57, 'Vale', 'Vale', 'Lion', 'Lion', '2025-02-06 16:27:33', 'root@localhost'),
(2653, 57, 'Vale', 'Vale', 'Lion', 'Lion', '2025-02-06 16:27:33', 'root@localhost'),
(2654, 57, 'Vale', 'Vale', 'Lion', 'Lion', '2025-02-06 16:27:33', 'root@localhost'),
(2655, 57, 'Vale', 'Vale', 'Lion', 'Lion', '2025-02-06 16:27:33', 'root@localhost'),
(2656, 57, 'Vale', 'Vale', 'Lion', 'Lion', '2025-02-06 16:27:33', 'root@localhost'),
(2657, 57, 'Vale', 'Vale', 'Lion', 'Lion', '2025-02-06 16:27:33', 'root@localhost'),
(2658, 57, 'Vale', 'Vale', 'Lion', 'Lion', '2025-02-06 16:27:33', 'root@localhost'),
(2659, 57, 'Vale', 'Vale', 'Lion', 'Lion', '2025-02-06 16:27:33', 'root@localhost'),
(2660, 57, 'Vale', 'Vale', 'Lion', 'Lion', '2025-02-06 16:27:33', 'root@localhost'),
(2661, 57, 'Vale', 'Vale', 'Lion', 'Lion', '2025-02-06 16:27:33', 'root@localhost'),
(2662, 57, 'Vale', 'Vale', 'Lion', 'Lion', '2025-02-06 16:27:33', 'root@localhost'),
(2663, 57, 'Vale', 'Vale', 'Lion', 'Lion', '2025-02-06 16:27:33', 'root@localhost'),
(2664, 57, 'Vale', 'Vale', 'Lion', 'Lion', '2025-02-06 16:27:33', 'root@localhost'),
(2665, 57, 'Vale', 'Vale', 'Lion', 'Lion', '2025-02-06 16:27:34', 'root@localhost'),
(2666, 57, 'Vale', 'Vale', 'Lion', 'Lion', '2025-02-06 16:27:34', 'root@localhost'),
(2667, 57, 'Vale', 'Vale', 'Lion', 'Lion', '2025-02-06 16:27:34', 'root@localhost'),
(2668, 57, 'Vale', 'Vale', 'Lion', 'Lion', '2025-02-06 16:27:34', 'root@localhost'),
(2669, 57, 'Vale', 'Vale', 'Lion', 'Lion', '2025-02-06 16:27:34', 'root@localhost'),
(2670, 57, 'Vale', 'Vale', 'Lion', 'Lion', '2025-02-06 16:27:34', 'root@localhost'),
(2671, 57, 'Vale', 'Vale', 'Lion', 'Lion', '2025-02-06 16:27:34', 'root@localhost'),
(2672, 57, 'Vale', 'Vale', 'Lion', 'Lion', '2025-02-06 16:27:34', 'root@localhost'),
(2673, 57, 'Vale', 'Vale', 'Lion', 'Lion', '2025-02-06 16:27:34', 'root@localhost'),
(2674, 57, 'Vale', 'Vale', 'Lion', 'Lion', '2025-02-06 16:27:34', 'root@localhost'),
(2675, 57, 'Vale', 'Vale', 'Lion', 'Lion', '2025-02-06 16:27:34', 'root@localhost'),
(2676, 57, 'Vale', 'Vale', 'Lion', 'Lion', '2025-02-06 16:27:34', 'root@localhost'),
(2677, 57, 'Vale', 'Vale', 'Lion', 'Lion', '2025-02-06 16:27:34', 'root@localhost'),
(2678, 57, 'Vale', 'Vale', 'Lion', 'Lion', '2025-02-06 16:27:34', 'root@localhost'),
(2679, 57, 'Vale', 'Vale', 'Lion', 'Lion', '2025-02-06 16:27:34', 'root@localhost'),
(2680, 57, 'Vale', 'Vale', 'Lion', 'Lion', '2025-02-06 16:27:34', 'root@localhost'),
(2681, 57, 'Vale', 'Vale', 'Lion', 'Lion', '2025-02-06 16:27:34', 'root@localhost'),
(2682, 57, 'Vale', 'Vale', 'Lion', 'Lion', '2025-02-06 16:27:34', 'root@localhost'),
(2683, 57, 'Vale', 'Vale', 'Lion', 'Lion', '2025-02-06 16:27:34', 'root@localhost'),
(2684, 57, 'Vale', 'Vale', 'Lion', 'Lion', '2025-02-06 16:27:34', 'root@localhost'),
(2685, 57, 'Vale', 'Vale', 'Lion', 'Lion', '2025-02-06 16:27:34', 'root@localhost'),
(2686, 57, 'Vale', 'Vale', 'Lion', 'Lion', '2025-02-06 16:27:34', 'root@localhost'),
(2687, 57, 'Vale', 'Vale', 'Lion', 'Lion', '2025-02-06 16:27:34', 'root@localhost'),
(2688, 57, 'Vale', 'Vale', 'Lion', 'Lion', '2025-02-06 16:27:34', 'root@localhost'),
(2689, 57, 'Vale', 'Vale', 'Lion', 'Lion', '2025-02-06 16:27:34', 'root@localhost'),
(2690, 57, 'Vale', 'Vale', 'Lion', 'Lion', '2025-02-06 16:27:34', 'root@localhost'),
(2691, 57, 'Vale', 'Vale', 'Lion', 'Lion', '2025-02-06 16:27:35', 'root@localhost'),
(2692, 57, 'Vale', 'Vale', 'Lion', 'Lion', '2025-02-06 16:27:35', 'root@localhost'),
(2693, 57, 'Vale', 'Vale', 'Lion', 'Lion', '2025-02-06 16:27:35', 'root@localhost'),
(2694, 57, 'Vale', 'Vale', 'Lion', 'Lion', '2025-02-06 16:27:35', 'root@localhost'),
(2695, 57, 'Vale', 'Vale', 'Lion', 'Lion', '2025-02-06 16:27:35', 'root@localhost'),
(2696, 57, 'Vale', 'Vale', 'Lion', 'Lion', '2025-02-06 16:27:35', 'root@localhost'),
(2697, 57, 'Vale', 'Vale', 'Lion', 'Lion', '2025-02-06 16:27:35', 'root@localhost'),
(2698, 57, 'Vale', 'Vale', 'Lion', 'Lion', '2025-02-06 16:27:35', 'root@localhost'),
(2699, 57, 'Vale', 'Vale', 'Lion', 'Lion', '2025-02-06 16:27:35', 'root@localhost'),
(2700, 57, 'Vale', 'Vale', 'Lion', 'Lion', '2025-02-06 16:27:35', 'root@localhost'),
(2701, 57, 'Vale', 'Vale', 'Lion', 'Lion', '2025-02-06 16:27:35', 'root@localhost'),
(2702, 57, 'Vale', 'Vale', 'Lion', 'Lion', '2025-02-06 16:27:35', 'root@localhost'),
(2703, 57, 'Vale', 'Vale', 'Lion', 'Lion', '2025-02-06 16:27:35', 'root@localhost'),
(2704, 57, 'Vale', 'Vale', 'Lion', 'Lion', '2025-02-06 16:27:35', 'root@localhost'),
(2705, 57, 'Vale', 'Vale', 'Lion', 'Lion', '2025-02-06 16:27:35', 'root@localhost'),
(2706, 57, 'Vale', 'Vale', 'Lion', 'Lion', '2025-02-06 16:27:35', 'root@localhost'),
(2707, 57, 'Vale', 'Vale', 'Lion', 'Lion', '2025-02-06 16:27:36', 'root@localhost'),
(2708, 57, 'Vale', 'Vale', 'Lion', 'Lion', '2025-02-06 16:27:36', 'root@localhost'),
(2709, 57, 'Vale', 'Vale', 'Lion', 'Lion', '2025-02-06 16:27:36', 'root@localhost'),
(2710, 57, 'Vale', 'Vale', 'Lion', 'Lion', '2025-02-06 16:27:36', 'root@localhost'),
(2711, 57, 'Vale', 'Vale', 'Lion', 'Lion', '2025-02-06 16:27:36', 'root@localhost'),
(2712, 57, 'Vale', 'Vale', 'Lion', 'Lion', '2025-02-06 16:27:36', 'root@localhost'),
(2713, 57, 'Vale', 'Vale', 'Lion', 'Lion', '2025-02-06 16:27:36', 'root@localhost'),
(2714, 57, 'Vale', 'Vale', 'Lion', 'Lion', '2025-02-06 16:27:36', 'root@localhost'),
(2715, 57, 'Vale', 'Vale', 'Lion', 'Lion', '2025-02-06 16:27:36', 'root@localhost'),
(2716, 57, 'Vale', 'Vale', 'Lion', 'Lion', '2025-02-06 16:27:36', 'root@localhost'),
(2717, 57, 'Vale', 'Vale', 'Lion', 'Lion', '2025-02-06 16:27:36', 'root@localhost'),
(2718, 57, 'Vale', 'Vale', 'Lion', 'Lion', '2025-02-06 16:27:36', 'root@localhost'),
(2719, 57, 'Vale', 'Vale', 'Lion', 'Lion', '2025-02-06 16:27:36', 'root@localhost'),
(2720, 57, 'Vale', 'Vale', 'Lion', 'Lion', '2025-02-06 16:27:36', 'root@localhost'),
(2721, 57, 'Vale', 'Vale', 'Lion', 'Lion', '2025-02-06 16:27:36', 'root@localhost'),
(2722, 57, 'Vale', 'Vale', 'Lion', 'Lion', '2025-02-06 16:27:36', 'root@localhost'),
(2723, 57, 'Vale', 'Vale', 'Lion', 'Lion', '2025-02-06 16:27:36', 'root@localhost'),
(2724, 57, 'Vale', 'Vale', 'Lion', 'Lion', '2025-02-06 16:27:36', 'root@localhost'),
(2725, 57, 'Vale', 'Vale', 'Lion', 'Lion', '2025-02-06 16:27:36', 'root@localhost'),
(2726, 57, 'Vale', 'Vale', 'Lion', 'Lion', '2025-02-06 16:27:36', 'root@localhost'),
(2727, 57, 'Vale', 'Vale', 'Lion', 'Lion', '2025-02-06 16:27:36', 'root@localhost'),
(2728, 57, 'Vale', 'Vale', 'Lion', 'Lion', '2025-02-06 16:27:36', 'root@localhost'),
(2729, 57, 'Vale', 'Vale', 'Lion', 'Lion', '2025-02-06 16:27:36', 'root@localhost'),
(2730, 57, 'Vale', 'Vale', 'Lion', 'Lion', '2025-02-06 16:27:37', 'root@localhost'),
(2731, 57, 'Vale', 'Vale', 'Lion', 'Lion', '2025-02-06 16:27:37', 'root@localhost'),
(2732, 57, 'Vale', 'Vale', 'Lion', 'Lion', '2025-02-06 16:27:37', 'root@localhost'),
(2733, 57, 'Vale', 'Vale', 'Lion', 'Lion', '2025-02-06 16:27:37', 'root@localhost'),
(2734, 57, 'Vale', 'Vale', 'Lion', 'Lion', '2025-02-06 16:27:37', 'root@localhost'),
(2735, 57, 'Vale', 'Vale', 'Lion', 'Lion', '2025-02-06 16:27:37', 'root@localhost'),
(2736, 57, 'Vale', 'Vale', 'Lion', 'Lion', '2025-02-06 16:27:37', 'root@localhost'),
(2737, 57, 'Vale', 'Vale', 'Lion', 'Lion', '2025-02-06 16:27:37', 'root@localhost'),
(2738, 57, 'Vale', 'Vale', 'Lion', 'Lion', '2025-02-06 16:27:37', 'root@localhost'),
(2739, 57, 'Vale', 'Vale', 'Lion', 'Lion', '2025-02-06 16:27:37', 'root@localhost'),
(2740, 57, 'Vale', 'Vale', 'Lion', 'Lion', '2025-02-06 16:27:37', 'root@localhost'),
(2741, 57, 'Vale', 'Vale', 'Lion', 'Lion', '2025-02-06 16:27:37', 'root@localhost'),
(2742, 57, 'Vale', 'Vale', 'Lion', 'Lion', '2025-02-06 16:27:37', 'root@localhost'),
(2743, 57, 'Vale', 'Vale', 'Lion', 'Lion', '2025-02-06 16:27:37', 'root@localhost'),
(2744, 57, 'Vale', 'Vale', 'Lion', 'Lion', '2025-02-06 16:27:37', 'root@localhost'),
(2745, 57, 'Vale', 'Vale', 'Lion', 'Lion', '2025-02-06 16:27:37', 'root@localhost'),
(2746, 57, 'Vale', 'Vale', 'Lion', 'Lion', '2025-02-06 16:27:37', 'root@localhost'),
(2747, 57, 'Vale', 'Vale', 'Lion', 'Lion', '2025-02-06 16:27:37', 'root@localhost'),
(2748, 57, 'Vale', 'Vale', 'Lion', 'Lion', '2025-02-06 16:27:37', 'root@localhost'),
(2749, 57, 'Vale', 'Vale', 'Lion', 'Lion', '2025-02-06 16:27:37', 'root@localhost'),
(2750, 57, 'Vale', 'Vale', 'Lion', 'Lion', '2025-02-06 16:27:38', 'root@localhost'),
(2751, 57, 'Vale', 'Vale', 'Lion', 'Lion', '2025-02-06 16:27:38', 'root@localhost'),
(2752, 57, 'Vale', 'Vale', 'Lion', 'Lion', '2025-02-06 16:27:38', 'root@localhost'),
(2753, 57, 'Vale', 'Vale', 'Lion', 'Lion', '2025-02-06 16:27:38', 'root@localhost'),
(2754, 57, 'Vale', 'Vale', 'Lion', 'Lion', '2025-02-06 16:27:38', 'root@localhost'),
(2755, 57, 'Vale', 'Vale', 'Lion', 'Lion', '2025-02-06 16:27:38', 'root@localhost'),
(2756, 57, 'Vale', 'Vale', 'Lion', 'Lion', '2025-02-06 16:27:38', 'root@localhost'),
(2757, 57, 'Vale', 'Vale', 'Lion', 'Lion', '2025-02-06 16:27:38', 'root@localhost'),
(2758, 57, 'Vale', 'Vale', 'Lion', 'Lion', '2025-02-06 16:27:38', 'root@localhost'),
(2759, 57, 'Vale', 'Vale', 'Lion', 'Lion', '2025-02-06 16:27:38', 'root@localhost'),
(2760, 57, 'Vale', 'Vale', 'Lion', 'Lion', '2025-02-06 16:27:38', 'root@localhost'),
(2761, 57, 'Vale', 'Vale', 'Lion', 'Lion', '2025-02-06 16:27:38', 'root@localhost'),
(2762, 57, 'Vale', 'Vale', 'Lion', 'Lion', '2025-02-06 16:27:38', 'root@localhost'),
(2763, 57, 'Vale', 'Vale', 'Lion', 'Lion', '2025-02-06 16:27:38', 'root@localhost'),
(2764, 57, 'Vale', 'Vale', 'Lion', 'Lion', '2025-02-06 16:27:38', 'root@localhost'),
(2765, 57, 'Vale', 'Vale', 'Lion', 'Lion', '2025-02-06 16:27:38', 'root@localhost'),
(2766, 57, 'Vale', 'Vale', 'Lion', 'Lion', '2025-02-06 16:27:38', 'root@localhost'),
(2767, 57, 'Vale', 'Vale', 'Lion', 'Lion', '2025-02-06 16:27:38', 'root@localhost'),
(2768, 57, 'Vale', 'Vale', 'Lion', 'Lion', '2025-02-06 16:27:38', 'root@localhost'),
(2769, 57, 'Vale', 'Vale', 'Lion', 'Lion', '2025-02-06 16:27:39', 'root@localhost'),
(2770, 57, 'Vale', 'Vale', 'Lion', 'Lion', '2025-02-06 16:27:39', 'root@localhost'),
(2771, 57, 'Vale', 'Vale', 'Lion', 'Lion', '2025-02-06 16:27:39', 'root@localhost'),
(2772, 57, 'Vale', 'Vale', 'Lion', 'Lion', '2025-02-06 16:27:39', 'root@localhost'),
(2773, 57, 'Vale', 'Vale', 'Lion', 'Lion', '2025-02-06 16:27:39', 'root@localhost'),
(2774, 57, 'Vale', 'Vale', 'Lion', 'Lion', '2025-02-06 16:27:39', 'root@localhost'),
(2775, 57, 'Vale', 'Vale', 'Lion', 'Lion', '2025-02-06 16:27:39', 'root@localhost'),
(2776, 57, 'Vale', 'Vale', 'Lion', 'Lion', '2025-02-06 16:27:39', 'root@localhost'),
(2777, 57, 'Vale', 'Vale', 'Lion', 'Lion', '2025-02-06 16:27:39', 'root@localhost'),
(2778, 57, 'Vale', 'Vale', 'Lion', 'Lion', '2025-02-06 16:27:39', 'root@localhost'),
(2779, 57, 'Vale', 'Vale', 'Lion', 'Lion', '2025-02-06 16:27:39', 'root@localhost'),
(2780, 57, 'Vale', 'Vale', 'Lion', 'Lion', '2025-02-06 16:27:39', 'root@localhost'),
(2781, 57, 'Vale', 'Vale', 'Lion', 'Lion', '2025-02-06 16:27:39', 'root@localhost'),
(2782, 57, 'Vale', 'Vale', 'Lion', 'Lion', '2025-02-06 16:27:39', 'root@localhost'),
(2783, 57, 'Vale', 'Vale', 'Lion', 'Lion', '2025-02-06 16:27:39', 'root@localhost'),
(2784, 57, 'Vale', 'Vale', 'Lion', 'Lion', '2025-02-06 16:27:39', 'root@localhost'),
(2785, 57, 'Vale', 'Vale', 'Lion', 'Lion', '2025-02-06 16:27:39', 'root@localhost'),
(2786, 57, 'Vale', 'Vale', 'Lion', 'Lion', '2025-02-06 16:27:39', 'root@localhost'),
(2787, 57, 'Vale', 'Vale', 'Lion', 'Lion', '2025-02-06 16:27:39', 'root@localhost'),
(2788, 57, 'Vale', 'Vale', 'Lion', 'Lion', '2025-02-06 16:27:39', 'root@localhost'),
(2789, 57, 'Vale', 'Vale', 'Lion', 'Lion', '2025-02-06 16:27:39', 'root@localhost'),
(2790, 57, 'Vale', 'Vale', 'Lion', 'Lion', '2025-02-06 16:27:39', 'root@localhost'),
(2791, 57, 'Vale', 'Vale', 'Lion', 'Lion', '2025-02-06 16:27:39', 'root@localhost'),
(2792, 57, 'Vale', 'Vale', 'Lion', 'Lion', '2025-02-06 16:27:39', 'root@localhost'),
(2793, 57, 'Vale', 'Vale', 'Lion', 'Lion', '2025-02-06 16:27:39', 'root@localhost'),
(2794, 57, 'Vale', 'Vale', 'Lion', 'Lion', '2025-02-06 16:27:39', 'root@localhost'),
(2795, 57, 'Vale', 'Vale', 'Lion', 'Lion', '2025-02-06 16:27:40', 'root@localhost'),
(2796, 57, 'Vale', 'Vale', 'Lion', 'Lion', '2025-02-06 16:27:40', 'root@localhost'),
(2797, 57, 'Vale', 'Vale', 'Lion', 'Lion', '2025-02-06 16:27:40', 'root@localhost'),
(2798, 57, 'Vale', 'Vale', 'Lion', 'Lion', '2025-02-06 16:27:40', 'root@localhost'),
(2799, 57, 'Vale', 'Vale', 'Lion', 'Lion', '2025-02-06 16:27:40', 'root@localhost'),
(2800, 57, 'Vale', 'Vale', 'Lion', 'Lion', '2025-02-06 16:27:40', 'root@localhost'),
(2801, 57, 'Vale', 'Vale', 'Lion', 'Lion', '2025-02-06 16:27:40', 'root@localhost'),
(2802, 57, 'Vale', 'Vale', 'Lion', 'Lion', '2025-02-06 16:27:40', 'root@localhost'),
(2803, 57, 'Vale', 'Vale', 'Lion', 'Lion', '2025-02-06 16:27:40', 'root@localhost'),
(2804, 57, 'Vale', 'Vale', 'Lion', 'Lion', '2025-02-06 16:27:40', 'root@localhost'),
(2805, 57, 'Vale', 'Vale', 'Lion', 'Lion', '2025-02-06 16:27:40', 'root@localhost'),
(2806, 57, 'Vale', 'Vale', 'Lion', 'Lion', '2025-02-06 16:27:40', 'root@localhost'),
(2807, 57, 'Vale', 'Vale', 'Lion', 'Lion', '2025-02-06 16:27:40', 'root@localhost'),
(2808, 57, 'Vale', 'Vale', 'Lion', 'Lion', '2025-02-06 16:27:40', 'root@localhost'),
(2809, 57, 'Vale', 'Vale', 'Lion', 'Lion', '2025-02-06 16:27:40', 'root@localhost'),
(2810, 57, 'Vale', 'Vale', 'Lion', 'Lion', '2025-02-06 16:27:40', 'root@localhost'),
(2811, 57, 'Vale', 'Vale', 'Lion', 'Lion', '2025-02-06 16:27:41', 'root@localhost'),
(2812, 57, 'Vale', 'Vale', 'Lion', 'Lion', '2025-02-06 16:27:41', 'root@localhost'),
(2813, 57, 'Vale', 'Vale', 'Lion', 'Lion', '2025-02-06 16:27:41', 'root@localhost'),
(2814, 57, 'Vale', 'Vale', 'Lion', 'Lion', '2025-02-06 16:27:41', 'root@localhost'),
(2815, 57, 'Vale', 'Vale', 'Lion', 'Lion', '2025-02-06 16:27:41', 'root@localhost'),
(2816, 57, 'Vale', 'Vale', 'Lion', 'Lion', '2025-02-06 16:27:41', 'root@localhost'),
(2817, 57, 'Vale', 'Vale', 'Lion', 'Lion', '2025-02-06 16:27:41', 'root@localhost'),
(2818, 57, 'Vale', 'Vale', 'Lion', 'Lion', '2025-02-06 16:27:41', 'root@localhost'),
(2819, 57, 'Vale', 'Vale', 'Lion', 'Lion', '2025-02-06 16:27:41', 'root@localhost'),
(2820, 57, 'Vale', 'Vale', 'Lion', 'Lion', '2025-02-06 16:27:41', 'root@localhost'),
(2821, 57, 'Vale', 'Vale', 'Lion', 'Lion', '2025-02-06 16:27:41', 'root@localhost'),
(2822, 57, 'Vale', 'Vale', 'Lion', 'Lion', '2025-02-06 16:27:41', 'root@localhost'),
(2823, 57, 'Vale', 'Vale', 'Lion', 'Lion', '2025-02-06 16:27:41', 'root@localhost'),
(2824, 57, 'Vale', 'Vale', 'Lion', 'Lion', '2025-02-06 16:27:41', 'root@localhost'),
(2825, 57, 'Vale', 'Vale', 'Lion', 'Lion', '2025-02-06 16:27:41', 'root@localhost'),
(2826, 57, 'Vale', 'Vale', 'Lion', 'Lion', '2025-02-06 16:27:41', 'root@localhost'),
(2827, 57, 'Vale', 'Vale', 'Lion', 'Lion', '2025-02-06 16:27:41', 'root@localhost'),
(2828, 57, 'Vale', 'Vale', 'Lion', 'Lion', '2025-02-06 16:27:41', 'root@localhost'),
(2829, 57, 'Vale', 'Vale', 'Lion', 'Lion', '2025-02-06 16:27:41', 'root@localhost'),
(2830, 57, 'Vale', 'Vale', 'Lion', 'Lion', '2025-02-06 16:27:41', 'root@localhost'),
(2831, 57, 'Vale', 'Vale', 'Lion', 'Lion', '2025-02-06 16:27:41', 'root@localhost'),
(2832, 57, 'Vale', 'Vale', 'Lion', 'Lion', '2025-02-06 16:27:41', 'root@localhost'),
(2833, 57, 'Vale', 'Vale', 'Lion', 'Lion', '2025-02-06 16:27:41', 'root@localhost'),
(2834, 57, 'Vale', 'Vale', 'Lion', 'Lion', '2025-02-06 16:27:41', 'root@localhost'),
(2835, 57, 'Vale', 'Vale', 'Lion', 'Lion', '2025-02-06 16:27:42', 'root@localhost'),
(2836, 57, 'Vale', 'Vale', 'Lion', 'Lion', '2025-02-06 16:27:42', 'root@localhost'),
(2837, 57, 'Vale', 'Vale', 'Lion', 'Lion', '2025-02-06 16:27:42', 'root@localhost'),
(2838, 57, 'Vale', 'Vale', 'Lion', 'Lion', '2025-02-06 16:27:42', 'root@localhost'),
(2839, 57, 'Vale', 'Vale', 'Lion', 'Lion', '2025-02-06 16:27:42', 'root@localhost'),
(2840, 57, 'Vale', 'Vale', 'Lion', 'Lion', '2025-02-06 16:27:42', 'root@localhost'),
(2841, 57, 'Vale', 'Vale', 'Lion', 'Lion', '2025-02-06 16:27:42', 'root@localhost'),
(2842, 57, 'Vale', 'Vale', 'Lion', 'Lion', '2025-02-06 16:27:42', 'root@localhost'),
(2843, 57, 'Vale', 'Vale', 'Lion', 'Lion', '2025-02-06 16:27:42', 'root@localhost'),
(2844, 57, 'Vale', 'Vale', 'Lion', 'Lion', '2025-02-06 16:27:42', 'root@localhost'),
(2845, 57, 'Vale', 'Vale', 'Lion', 'Lion', '2025-02-06 16:27:42', 'root@localhost'),
(2846, 57, 'Vale', 'Vale', 'Lion', 'Lion', '2025-02-06 16:27:42', 'root@localhost'),
(2847, 57, 'Vale', 'Vale', 'Lion', 'Lion', '2025-02-06 16:27:42', 'root@localhost'),
(2848, 57, 'Vale', 'Vale', 'Lion', 'Lion', '2025-02-06 16:27:42', 'root@localhost'),
(2849, 57, 'Vale', 'Vale', 'Lion', 'Lion', '2025-02-06 16:27:42', 'root@localhost'),
(2850, 57, 'Vale', 'Vale', 'Lion', 'Lion', '2025-02-06 16:27:42', 'root@localhost'),
(2851, 57, 'Vale', 'Vale', 'Lion', 'Lion', '2025-02-06 16:27:42', 'root@localhost'),
(2852, 57, 'Vale', 'Vale', 'Lion', 'Lion', '2025-02-06 16:27:42', 'root@localhost'),
(2853, 57, 'Vale', 'Vale', 'Lion', 'Lion', '2025-02-06 16:27:42', 'root@localhost'),
(2854, 57, 'Vale', 'Vale', 'Lion', 'Lion', '2025-02-06 16:27:42', 'root@localhost'),
(2855, 57, 'Vale', 'Vale', 'Lion', 'Lion', '2025-02-06 16:27:42', 'root@localhost'),
(2856, 57, 'Vale', 'Vale', 'Lion', 'Lion', '2025-02-06 16:27:42', 'root@localhost'),
(2857, 57, 'Vale', 'Vale', 'Lion', 'Lion', '2025-02-06 16:27:42', 'root@localhost'),
(2858, 57, 'Vale', 'Vale', 'Lion', 'Lion', '2025-02-06 16:27:42', 'root@localhost'),
(2859, 57, 'Vale', 'Vale', 'Lion', 'Lion', '2025-02-06 16:27:43', 'root@localhost'),
(2860, 57, 'Vale', 'Vale', 'Lion', 'Lion', '2025-02-06 16:27:43', 'root@localhost'),
(2861, 57, 'Vale', 'Vale', 'Lion', 'Lion', '2025-02-06 16:27:43', 'root@localhost'),
(2862, 57, 'Vale', 'Vale', 'Lion', 'Lion', '2025-02-06 16:27:43', 'root@localhost'),
(2863, 57, 'Vale', 'Vale', 'Lion', 'Lion', '2025-02-06 16:27:43', 'root@localhost'),
(2864, 57, 'Vale', 'Vale', 'Lion', 'Lion', '2025-02-06 16:27:43', 'root@localhost'),
(2865, 57, 'Vale', 'Vale', 'Lion', 'Lion', '2025-02-06 16:27:43', 'root@localhost'),
(2866, 57, 'Vale', 'Vale', 'Lion', 'Lion', '2025-02-06 16:27:43', 'root@localhost'),
(2867, 57, 'Vale', 'Vale', 'Lion', 'Lion', '2025-02-06 16:27:43', 'root@localhost'),
(2868, 57, 'Vale', 'Vale', 'Lion', 'Lion', '2025-02-06 16:27:43', 'root@localhost'),
(2869, 57, 'Vale', 'Vale', 'Lion', 'Lion', '2025-02-06 16:27:43', 'root@localhost'),
(2870, 57, 'Vale', 'Vale', 'Lion', 'Lion', '2025-02-06 16:27:43', 'root@localhost'),
(2871, 57, 'Vale', 'Vale', 'Lion', 'Lion', '2025-02-06 16:27:43', 'root@localhost'),
(2872, 57, 'Vale', 'Vale', 'Lion', 'Lion', '2025-02-06 16:27:43', 'root@localhost'),
(2873, 57, 'Vale', 'Vale', 'Lion', 'Lion', '2025-02-06 16:27:43', 'root@localhost'),
(2874, 57, 'Vale', 'Vale', 'Lion', 'Lion', '2025-02-06 16:27:43', 'root@localhost'),
(2875, 57, 'Vale', 'Vale', 'Lion', 'Lion', '2025-02-06 16:27:43', 'root@localhost'),
(2876, 57, 'Vale', 'Vale', 'Lion', 'Lion', '2025-02-06 16:27:44', 'root@localhost'),
(2877, 57, 'Vale', 'Vale', 'Lion', 'Lion', '2025-02-06 16:27:44', 'root@localhost'),
(2878, 57, 'Vale', 'Vale', 'Lion', 'Lion', '2025-02-06 16:27:44', 'root@localhost'),
(2879, 57, 'Vale', 'Vale', 'Lion', 'Lion', '2025-02-06 16:27:44', 'root@localhost'),
(2880, 57, 'Vale', 'Vale', 'Lion', 'Lion', '2025-02-06 16:27:44', 'root@localhost'),
(2881, 57, 'Vale', 'Vale', 'Lion', 'Lion', '2025-02-06 16:27:44', 'root@localhost'),
(2882, 57, 'Vale', 'Vale', 'Lion', 'Lion', '2025-02-06 16:27:44', 'root@localhost'),
(2883, 57, 'Vale', 'Vale', 'Lion', 'Lion', '2025-02-06 16:27:44', 'root@localhost'),
(2884, 57, 'Vale', 'Vale', 'Lion', 'Lion', '2025-02-06 16:27:44', 'root@localhost'),
(2885, 57, 'Vale', 'Vale', 'Lion', 'Lion', '2025-02-06 16:27:44', 'root@localhost'),
(2886, 57, 'Vale', 'Vale', 'Lion', 'Lion', '2025-02-06 16:27:44', 'root@localhost'),
(2887, 57, 'Vale', 'Vale', 'Lion', 'Lion', '2025-02-06 16:27:44', 'root@localhost'),
(2888, 57, 'Vale', 'Vale', 'Lion', 'Lion', '2025-02-06 16:27:44', 'root@localhost'),
(2889, 57, 'Vale', 'Vale', 'Lion', 'Lion', '2025-02-06 16:27:44', 'root@localhost'),
(2890, 57, 'Vale', 'Vale', 'Lion', 'Lion', '2025-02-06 16:27:44', 'root@localhost'),
(2891, 57, 'Vale', 'Vale', 'Lion', 'Lion', '2025-02-06 16:27:44', 'root@localhost'),
(2892, 57, 'Vale', 'Vale', 'Lion', 'Lion', '2025-02-06 16:27:44', 'root@localhost'),
(2893, 57, 'Vale', 'Vale', 'Lion', 'Lion', '2025-02-06 16:27:44', 'root@localhost'),
(2894, 57, 'Vale', 'Vale', 'Lion', 'Lion', '2025-02-06 16:27:44', 'root@localhost'),
(2895, 57, 'Vale', 'Vale', 'Lion', 'Lion', '2025-02-06 16:27:44', 'root@localhost'),
(2896, 57, 'Vale', 'Vale', 'Lion', 'Lion', '2025-02-06 16:27:44', 'root@localhost'),
(2897, 57, 'Vale', 'Vale', 'Lion', 'Lion', '2025-02-06 16:27:44', 'root@localhost'),
(2898, 57, 'Vale', 'Vale', 'Lion', 'Lion', '2025-02-06 16:27:44', 'root@localhost'),
(2899, 57, 'Vale', 'Vale', 'Lion', 'Lion', '2025-02-06 16:27:44', 'root@localhost'),
(2900, 57, 'Vale', 'Vale', 'Lion', 'Lion', '2025-02-06 16:27:44', 'root@localhost'),
(2901, 57, 'Vale', 'Vale', 'Lion', 'Lion', '2025-02-06 16:27:44', 'root@localhost'),
(2902, 57, 'Vale', 'Vale', 'Lion', 'Lion', '2025-02-06 16:27:45', 'root@localhost'),
(2903, 57, 'Vale', 'Vale', 'Lion', 'Lion', '2025-02-06 16:27:45', 'root@localhost'),
(2904, 57, 'Vale', 'Vale', 'Lion', 'Lion', '2025-02-06 16:27:45', 'root@localhost'),
(2905, 57, 'Vale', 'Vale', 'Lion', 'Lion', '2025-02-06 16:27:45', 'root@localhost'),
(2906, 57, 'Vale', 'Vale', 'Lion', 'Lion', '2025-02-06 16:27:45', 'root@localhost'),
(2907, 57, 'Vale', 'Vale', 'Lion', 'Lion', '2025-02-06 16:27:45', 'root@localhost'),
(2908, 57, 'Vale', 'Vale', 'Lion', 'Lion', '2025-02-06 16:27:45', 'root@localhost'),
(2909, 57, 'Vale', 'Vale', 'Lion', 'Lion', '2025-02-06 16:27:45', 'root@localhost'),
(2910, 57, 'Vale', 'Vale', 'Lion', 'Lion', '2025-02-06 16:27:45', 'root@localhost'),
(2911, 57, 'Vale', 'Vale', 'Lion', 'Lion', '2025-02-06 16:27:45', 'root@localhost'),
(2912, 57, 'Vale', 'Vale', 'Lion', 'Lion', '2025-02-06 16:27:45', 'root@localhost'),
(2913, 57, 'Vale', 'Vale', 'Lion', 'Lion', '2025-02-06 16:27:45', 'root@localhost'),
(2914, 57, 'Vale', 'Vale', 'Lion', 'Lion', '2025-02-06 16:27:45', 'root@localhost'),
(2915, 57, 'Vale', 'Vale', 'Lion', 'Lion', '2025-02-06 16:27:45', 'root@localhost'),
(2916, 57, 'Vale', 'Vale', 'Lion', 'Lion', '2025-02-06 16:27:45', 'root@localhost'),
(2917, 57, 'Vale', 'Vale', 'Lion', 'Lion', '2025-02-06 16:27:45', 'root@localhost'),
(2918, 57, 'Vale', 'Vale', 'Lion', 'Lion', '2025-02-06 16:27:45', 'root@localhost'),
(2919, 57, 'Vale', 'Vale', 'Lion', 'Lion', '2025-02-06 16:27:45', 'root@localhost'),
(2920, 57, 'Vale', 'Vale', 'Lion', 'Lion', '2025-02-06 16:27:45', 'root@localhost'),
(2921, 57, 'Vale', 'Vale', 'Lion', 'Lion', '2025-02-06 16:27:45', 'root@localhost'),
(2922, 57, 'Vale', 'Vale', 'Lion', 'Lion', '2025-02-06 16:27:45', 'root@localhost'),
(2923, 57, 'Vale', 'Vale', 'Lion', 'Lion', '2025-02-06 16:27:45', 'root@localhost'),
(2924, 57, 'Vale', 'Vale', 'Lion', 'Lion', '2025-02-06 16:27:45', 'root@localhost'),
(2925, 57, 'Vale', 'Vale', 'Lion', 'Lion', '2025-02-06 16:27:46', 'root@localhost'),
(2926, 57, 'Vale', 'Vale', 'Lion', 'Lion', '2025-02-06 16:27:46', 'root@localhost'),
(2927, 57, 'Vale', 'Vale', 'Lion', 'Lion', '2025-02-06 16:27:46', 'root@localhost'),
(2928, 57, 'Vale', 'Vale', 'Lion', 'Lion', '2025-02-06 16:27:46', 'root@localhost'),
(2929, 57, 'Vale', 'Vale', 'Lion', 'Lion', '2025-02-06 16:27:46', 'root@localhost'),
(2930, 57, 'Vale', 'Vale', 'Lion', 'Lion', '2025-02-06 16:27:46', 'root@localhost'),
(2931, 57, 'Vale', 'Vale', 'Lion', 'Lion', '2025-02-06 16:27:46', 'root@localhost'),
(2932, 57, 'Vale', 'Vale', 'Lion', 'Lion', '2025-02-06 16:27:46', 'root@localhost'),
(2933, 57, 'Vale', 'Vale', 'Lion', 'Lion', '2025-02-06 16:27:46', 'root@localhost'),
(2934, 57, 'Vale', 'Vale', 'Lion', 'Lion', '2025-02-06 16:27:46', 'root@localhost'),
(2935, 57, 'Vale', 'Vale', 'Lion', 'Lion', '2025-02-06 16:27:46', 'root@localhost'),
(2936, 57, 'Vale', 'Vale', 'Lion', 'Lion', '2025-02-06 16:27:46', 'root@localhost'),
(2937, 57, 'Vale', 'Vale', 'Lion', 'Lion', '2025-02-06 16:27:46', 'root@localhost'),
(2938, 57, 'Vale', 'Vale', 'Lion', 'Lion', '2025-02-06 16:27:46', 'root@localhost'),
(2939, 57, 'Vale', 'Vale', 'Lion', 'Lion', '2025-02-06 16:27:46', 'root@localhost'),
(2940, 57, 'Vale', 'Vale', 'Lion', 'Lion', '2025-02-06 16:27:46', 'root@localhost'),
(2941, 57, 'Vale', 'Vale', 'Lion', 'Lion', '2025-02-06 16:27:46', 'root@localhost'),
(2942, 57, 'Vale', 'Vale', 'Lion', 'Lion', '2025-02-06 16:27:47', 'root@localhost'),
(2943, 57, 'Vale', 'Vale', 'Lion', 'Lion', '2025-02-06 16:27:47', 'root@localhost'),
(2944, 57, 'Vale', 'Vale', 'Lion', 'Lion', '2025-02-06 16:27:47', 'root@localhost'),
(2945, 57, 'Vale', 'Vale', 'Lion', 'Lion', '2025-02-06 16:27:47', 'root@localhost'),
(2946, 57, 'Vale', 'Vale', 'Lion', 'Lion', '2025-02-06 16:27:47', 'root@localhost'),
(2947, 57, 'Vale', 'Vale', 'Lion', 'Lion', '2025-02-06 16:27:47', 'root@localhost'),
(2948, 57, 'Vale', 'Vale', 'Lion', 'Lion', '2025-02-06 16:27:47', 'root@localhost'),
(2949, 57, 'Vale', 'Vale', 'Lion', 'Lion', '2025-02-06 16:27:47', 'root@localhost'),
(2950, 57, 'Vale', 'Vale', 'Lion', 'Lion', '2025-02-06 16:27:47', 'root@localhost'),
(2951, 57, 'Vale', 'Vale', 'Lion', 'Lion', '2025-02-06 16:27:47', 'root@localhost'),
(2952, 57, 'Vale', 'Vale', 'Lion', 'Lion', '2025-02-06 16:27:47', 'root@localhost'),
(2953, 1, 'Simba', 'Simba', 'Lion', 'Lion', '2025-02-06 16:31:23', 'root@localhost'),
(2954, 2, 'Nala', 'Nala', 'Lion', 'Lion', '2025-02-06 16:31:23', 'root@localhost'),
(2955, 3, 'Shere Khan', 'Shere Khan', 'Bengal Tiger', 'Bengal Tiger', '2025-02-06 16:31:23', 'root@localhost'),
(2956, 4, 'Rafiki', 'Rafiki', 'Mandrill', 'Mandrill', '2025-02-06 16:31:23', 'root@localhost'),
(2957, 5, 'Zazu', 'Zazu', 'Hornbill', 'Hornbill', '2025-02-06 16:31:23', 'root@localhost'),
(2958, 6, 'Dumbo', 'Dumbo', 'Elephant', 'Elephant', '2025-02-06 16:31:23', 'root@localhost'),
(2959, 7, 'Ella', 'Ella', 'Elephant', 'Elephant', '2025-02-06 16:31:23', 'root@localhost'),
(2960, 8, 'Mumble', 'Mumble', 'Emperor Penguin', 'Emperor Penguin', '2025-02-06 16:31:23', 'root@localhost'),
(2961, 9, 'Glori', 'Glori', 'Hippopotamus', 'Hippopotamus', '2025-02-06 16:31:23', 'root@localhost'),
(2962, 10, 'Marty', 'Marty', 'Zebra', 'Zebra', '2025-02-06 16:31:23', 'root@localhost'),
(2963, 11, 'Alex', 'Alex', 'Lion', 'Lion', '2025-02-06 16:31:23', 'root@localhost'),
(2964, 12, 'Melman', 'Melman', 'Giraffe', 'Giraffe', '2025-02-06 16:31:23', 'root@localhost'),
(2965, 13, 'King Julien', 'King Julien', 'Ring-Tailed Lemur', 'Ring-Tailed Lemur', '2025-02-06 16:31:23', 'root@localhost'),
(2966, 14, 'Mort', 'Mort', 'Mouse Lemur', 'Mouse Lemur', '2025-02-06 16:31:23', 'root@localhost'),
(2967, 15, 'Gloria', 'Gloria', 'Hippopotamus', 'Hippopotamus', '2025-02-06 16:31:23', 'root@localhost'),
(2968, 16, 'Pumbaa', 'Pumbaa', 'Warthog', 'Warthog', '2025-02-06 16:31:23', 'root@localhost'),
(2969, 17, 'Timon', 'Timon', 'Meerkat', 'Meerkat', '2025-02-06 16:31:23', 'root@localhost'),
(2970, 18, 'Kaa', 'Kaa', 'Python', 'Python', '2025-02-06 16:31:23', 'root@localhost'),
(2971, 19, 'Baloo', 'Baloo', 'Sloth Bear', 'Sloth Bear', '2025-02-06 16:31:23', 'root@localhost'),
(2972, 20, 'Bagheera', 'Bagheera', 'Black Panther', 'Black Panther', '2025-02-06 16:31:23', 'root@localhost'),
(2973, 21, 'Rocky', 'Rocky', 'Komodo Dragon', 'Komodo Dragon', '2025-02-06 16:31:23', 'root@localhost'),
(2974, 22, 'Milo', 'Milo', 'Capuchin Monkey', 'Capuchin Monkey', '2025-02-06 16:31:23', 'root@localhost'),
(2975, 23, 'Ruby', 'Ruby', 'Macaw', 'Macaw', '2025-02-06 16:31:23', 'root@localhost'),
(2976, 24, 'Ginger', 'Ginger', 'Red Panda', 'Red Panda', '2025-02-06 16:31:23', 'root@localhost'),
(2977, 25, 'Fluffy', 'Fluffy', 'Snow Leopard', 'Snow Leopard', '2025-02-06 16:31:23', 'root@localhost'),
(2978, 26, 'Yuki', 'Yuki', 'Arctic Fox', 'Arctic Fox', '2025-02-06 16:31:23', 'root@localhost'),
(2979, 27, 'Kovu', 'Kovu', 'Lion', 'Lion', '2025-02-06 16:31:23', 'root@localhost'),
(2980, 28, 'Kiara', 'Kiara', 'Lion', 'Lion', '2025-02-06 16:31:23', 'root@localhost'),
(2981, 29, 'Bambi', 'Bambi', 'Roe Deer', 'Roe Deer', '2025-02-06 16:31:23', 'root@localhost'),
(2982, 30, 'Sven', 'Sven', 'Reindeer', 'Reindeer', '2025-02-06 16:31:23', 'root@localhost'),
(2983, 31, 'Bubbles', 'Bubbles', 'Orangutan', 'Orangutan', '2025-02-06 16:31:23', 'root@localhost'),
(2984, 32, 'Koko', 'Koko', 'Chimpanzee', 'Chimpanzee', '2025-02-06 16:31:23', 'root@localhost'),
(2985, 33, 'Nemo', 'Nemo', 'Clownfish', 'Clownfish', '2025-02-06 16:31:23', 'root@localhost'),
(2986, 34, 'Dory', 'Dory', 'Blue Tang', 'Blue Tang', '2025-02-06 16:31:23', 'root@localhost'),
(2987, 35, 'Bruce', 'Bruce', 'Great White Shark', 'Great White Shark', '2025-02-06 16:31:23', 'root@localhost'),
(2988, 36, 'Scar', 'Scar', 'Lion', 'Lion', '2025-02-06 16:31:23', 'root@localhost'),
(2989, 37, 'Diego', 'Diego', 'Siberian Tiger', 'Siberian Tiger', '2025-02-06 16:31:23', 'root@localhost'),
(2990, 38, 'Jumbo', 'Jumbo', 'Elephant', 'Elephant', '2025-02-06 16:31:23', 'root@localhost'),
(2991, 39, 'Tinkerbell', 'Tinkerbell', 'Fruit Bat', 'Fruit Bat', '2025-02-06 16:31:23', 'root@localhost'),
(2992, 40, 'Mowgli', 'Mowgli', 'Human', 'Human', '2025-02-06 16:31:23', 'root@localhost'),
(2993, 57, 'Vale', 'Vale', 'Lion', 'Lion', '2025-02-06 16:31:23', 'root@localhost');

-- --------------------------------------------------------

--
-- Table structure for table `enclosures`
--

CREATE TABLE `enclosures` (
  `Enclosure_ID` int(11) NOT NULL,
  `Name` varchar(50) NOT NULL,
  `enclosure_size_id` int(11) DEFAULT NULL,
  `enclosure_type_id` int(11) DEFAULT NULL
) ENGINE=InnoDB DEFAULT CHARSET=utf8mb4 COLLATE=utf8mb4_general_ci;

--
-- Dumping data for table `enclosures`
--

INSERT INTO `enclosures` (`Enclosure_ID`, `Name`, `enclosure_size_id`, `enclosure_type_id`) VALUES
(1, 'Lion Den', 3, 1),
(2, 'Penguin Pool', 2, 4),
(3, 'Reptile House', 1, 2),
(4, 'Elephant Enclosure', 4, 1),
(5, 'Arctic Fox Den', 2, 5),
(6, 'Tropical Bird Aviary', 3, 2);

-- --------------------------------------------------------

--
-- Table structure for table `enclosure_animals`
--

CREATE TABLE `enclosure_animals` (
  `Enclosure_Animal_ID` int(11) NOT NULL,
  `Enclosure_ID` int(11) NOT NULL,
  `Animal_ID` int(11) NOT NULL,
  `Start_Date` date NOT NULL,
  `End_Date` date DEFAULT NULL
) ENGINE=InnoDB DEFAULT CHARSET=utf8mb4 COLLATE=utf8mb4_general_ci;

--
-- Dumping data for table `enclosure_animals`
--

INSERT INTO `enclosure_animals` (`Enclosure_Animal_ID`, `Enclosure_ID`, `Animal_ID`, `Start_Date`, `End_Date`) VALUES
(1, 1, 1, '2016-03-21', NULL),
(2, 1, 2, '2017-01-15', NULL),
(3, 1, 3, '2015-06-10', NULL),
(4, 4, 6, '2011-11-20', NULL),
(5, 4, 7, '2012-06-22', NULL),
(6, 2, 8, '2018-01-30', NULL),
(7, 3, 9, '2012-03-10', NULL),
(8, 3, 10, '2016-02-14', NULL),
(9, 6, 11, '2016-03-21', NULL),
(10, 5, 12, '2013-01-18', NULL),
(11, 6, 13, '2017-08-05', NULL),
(12, 6, 14, '2019-03-15', NULL),
(13, 2, 15, '2018-05-11', NULL),
(14, 3, 16, '2014-08-21', NULL),
(15, 3, 17, '2015-01-18', NULL),
(16, 3, 18, '2017-04-25', NULL),
(17, 4, 19, '2011-12-01', NULL),
(18, 1, 20, '2016-05-14', NULL),
(19, 3, 21, '2015-06-23', NULL),
(20, 6, 22, '2019-04-01', NULL),
(21, 6, 23, '2018-03-21', NULL),
(22, 5, 24, '2017-07-07', NULL),
(23, 5, 25, '2016-02-28', NULL),
(24, 5, 26, '2015-10-10', NULL),
(25, 1, 27, '2019-03-12', NULL),
(26, 1, 28, '2019-03-12', NULL),
(27, 4, 29, '2017-01-18', NULL),
(28, 4, 30, '2018-09-04', NULL),
(29, 6, 31, '2014-05-13', NULL),
(30, 6, 32, '2012-11-24', NULL),
(31, 2, 33, '2019-05-02', NULL),
(32, 2, 34, '2019-06-11', NULL),
(33, 2, 35, '2015-03-18', NULL),
(34, 1, 36, '2016-01-15', NULL),
(35, 1, 37, '2014-04-23', NULL),
(36, 4, 38, '2011-05-27', NULL),
(37, 3, 39, '2016-07-09', NULL),
(38, 6, 40, '2015-12-01', NULL);

-- --------------------------------------------------------

--
-- Table structure for table `enclosure_sizes`
--

CREATE TABLE `enclosure_sizes` (
  `enclosure_size_id` int(11) NOT NULL,
  `enclosure_size` varchar(50) NOT NULL
) ENGINE=InnoDB DEFAULT CHARSET=utf8mb4 COLLATE=utf8mb4_general_ci;

--
-- Dumping data for table `enclosure_sizes`
--

INSERT INTO `enclosure_sizes` (`enclosure_size_id`, `enclosure_size`) VALUES
(1, 'Small'),
(2, 'Medium'),
(3, 'Large'),
(4, 'Extra Large');

-- --------------------------------------------------------

--
-- Table structure for table `enclosure_types`
--

CREATE TABLE `enclosure_types` (
  `enclosure_type_id` int(11) NOT NULL,
  `enclosure_type` varchar(50) NOT NULL
) ENGINE=InnoDB DEFAULT CHARSET=utf8mb4 COLLATE=utf8mb4_general_ci;

--
-- Dumping data for table `enclosure_types`
--

INSERT INTO `enclosure_types` (`enclosure_type_id`, `enclosure_type`) VALUES
(1, 'Savannah'),
(2, 'Rainforest'),
(3, 'Desert'),
(4, 'Aquatic'),
(5, 'Arctic'),
(6, 'Mountain');

-- --------------------------------------------------------

--
-- Table structure for table `events`
--

CREATE TABLE `events` (
  `Event_ID` int(11) NOT NULL,
  `Name` varchar(50) NOT NULL,
  `Date` date NOT NULL,
  `Time` time NOT NULL,
  `Description` text DEFAULT NULL,
  `Event_Type` enum('Program','Activity') NOT NULL,
  `Animal_ID` int(11) DEFAULT NULL,
  `Keeper_ID` int(11) DEFAULT NULL
) ENGINE=InnoDB DEFAULT CHARSET=utf8mb4 COLLATE=utf8mb4_general_ci;

--
-- Dumping data for table `events`
--

INSERT INTO `events` (`Event_ID`, `Name`, `Date`, `Time`, `Description`, `Event_Type`, `Animal_ID`, `Keeper_ID`) VALUES
(116, 'Lion Feeding Show', '2024-02-02', '11:00:00', 'Watch the lions being fed by our experienced keepers.', 'Program', 1, 1),
(117, 'Elephant Bathing Ritual', '2024-02-03', '10:00:00', 'A daily bathing ritual of our elephants.', 'Activity', 6, 2),
(118, 'Bird Watching Tour', '2024-02-04', '09:30:00', 'Guided tour to observe various bird species.', 'Program', 5, 3),
(119, 'Tiger Training Session', '2024-02-05', '14:00:00', 'Interactive session showing how tigers are trained.', 'Activity', 3, 4),
(120, 'Penguin Parade', '2024-02-06', '12:00:00', 'A fun parade by our penguins every day.', 'Program', 8, 5),
(121, 'Reptile Encounter', '2024-02-07', '13:30:00', 'Meet our snakes, lizards, and other reptiles up close.', 'Activity', 21, 1),
(122, 'Hippo Feeding Demonstration', '2024-02-08', '15:00:00', 'Watch how hippos are fed and learn about their diet.', 'Program', 9, 2),
(123, 'Birds of Prey Show', '2024-02-09', '11:30:00', 'Witness the agility and grace of our birds of prey.', 'Activity', 23, 3),
(124, 'Giraffe Interaction', '2024-02-10', '09:00:00', 'Up close interaction with giraffes.', 'Program', 12, 4),
(125, 'Nocturnal Animal Walk', '2024-02-11', '19:00:00', 'A guided walk to see nocturnal animals.', 'Activity', 39, 5),
(126, 'Underwater Creatures', '2024-02-12', '10:00:00', 'A special talk about the zoo`s aquatic animals.', 'Program', 33, 1),
(127, 'Safari Ride', '2024-02-13', '11:00:00', 'An adventurous ride through the safari enclosures.', 'Activity', 10, 2),
(128, 'Monkey Play Time', '2024-02-14', '14:00:00', 'Watch the monkeys playing and interacting.', 'Program', 31, 3),
(129, 'Big Cat Awareness', '2024-02-15', '12:00:00', 'Learn about conservation efforts for big cats.', 'Activity', 36, 4),
(130, 'Red Panda Conservation Talk', '2024-02-16', '15:00:00', 'Discussing conservation of the red panda.', 'Program', 24, 5),
(131, 'Aquarium Exploration', '2024-02-17', '13:00:00', 'Explore the diversity of our aquarium.', 'Activity', 34, 1),
(132, 'Sloth Bear Feeding', '2024-02-18', '10:30:00', 'Watch the feeding of our sloth bear.', 'Program', 19, 2),
(133, 'Kids Safari', '2024-02-19', '09:30:00', 'A special safari ride tailored for kids.', 'Activity', NULL, 3),
(134, 'Elephant Art Show', '2024-02-20', '11:00:00', 'See elephants create beautiful paintings.', 'Program', 38, 4),
(135, 'Butterfly House Tour', '2024-02-21', '10:00:00', 'Guided tour inside the butterfly house.', 'Activity', NULL, 5),
(136, 'Shark Feeding Frenzy', '2024-02-22', '15:00:00', 'Experience the thrill of shark feeding.', 'Program', 35, 1),
(137, 'Animal Enrichment Activities', '2024-02-23', '12:00:00', 'See how animals are mentally and physically stimulated.', 'Activity', NULL, 2),
(138, 'Kangaroo Encounter', '2024-02-24', '14:30:00', 'Interact with our friendly kangaroos.', 'Program', NULL, 3);

-- --------------------------------------------------------

--
-- Table structure for table `feeding`
--

CREATE TABLE `feeding` (
  `Feeding_ID` int(11) NOT NULL,
  `Date` date NOT NULL,
  `Time` time NOT NULL,
  `Feeding_Type_ID` int(11) NOT NULL,
  `Animal_ID` int(11) NOT NULL,
  `Keeper_ID` int(11) NOT NULL,
  `Supplier_ID` int(11) NOT NULL
) ENGINE=InnoDB DEFAULT CHARSET=utf8mb4 COLLATE=utf8mb4_general_ci;

--
-- Dumping data for table `feeding`
--

INSERT INTO `feeding` (`Feeding_ID`, `Date`, `Time`, `Feeding_Type_ID`, `Animal_ID`, `Keeper_ID`, `Supplier_ID`) VALUES
(1, '2024-01-10', '10:30:00', 1, 1, 1, 1),
(2, '2024-01-10', '11:00:00', 3, 2, 1, 1),
(3, '2024-01-11', '09:00:00', 2, 6, 5, 3),
(4, '2024-01-11', '14:00:00', 4, 8, 2, 2),
(5, '2024-01-12', '13:00:00', 1, 3, 1, 1),
(6, '2024-01-12', '10:00:00', 2, 9, 3, 3),
(7, '2024-01-13', '12:30:00', 1, 4, 1, 1),
(8, '2024-01-13', '15:00:00', 2, 11, 4, 3),
(9, '2024-01-14', '09:30:00', 4, 5, 2, 2),
(10, '2024-01-14', '13:00:00', 1, 13, 1, 1),
(11, '2024-01-15', '08:00:00', 3, 14, 2, 2),
(12, '2024-01-16', '12:00:00', 2, 17, 3, 3),
(13, '2024-01-16', '15:30:00', 4, 19, 5, 2),
(14, '2024-01-17', '11:00:00', 1, 21, 1, 1),
(15, '2024-01-18', '14:00:00', 2, 23, 2, 3),
(16, '2024-01-19', '16:00:00', 3, 26, 4, 1),
(17, '2024-01-19', '09:00:00', 4, 27, 5, 2),
(18, '2024-01-20', '07:30:00', 2, 30, 1, 3),
(19, '2024-01-21', '10:00:00', 1, 32, 2, 1),
(20, '2024-01-22', '11:30:00', 3, 35, 4, 2);

-- --------------------------------------------------------

--
-- Table structure for table `feeding_types`
--

CREATE TABLE `feeding_types` (
  `Feeding_Type_ID` int(11) NOT NULL,
  `Type_Name` varchar(50) NOT NULL
) ENGINE=InnoDB DEFAULT CHARSET=utf8mb4 COLLATE=utf8mb4_general_ci;

--
-- Dumping data for table `feeding_types`
--

INSERT INTO `feeding_types` (`Feeding_Type_ID`, `Type_Name`) VALUES
(1, 'Carnivore'),
(2, 'Herbivore'),
(3, 'Omnivore'),
(4, 'Piscivore');

-- --------------------------------------------------------

--
-- Table structure for table `health_diagnoses`
--

CREATE TABLE `health_diagnoses` (
  `Diagnosis_ID` int(11) NOT NULL,
  `Diagnosis_Name` varchar(100) NOT NULL
) ENGINE=InnoDB DEFAULT CHARSET=utf8mb4 COLLATE=utf8mb4_general_ci;

--
-- Dumping data for table `health_diagnoses`
--

INSERT INTO `health_diagnoses` (`Diagnosis_ID`, `Diagnosis_Name`) VALUES
(1, 'Arthritis'),
(2, 'Skin Infection'),
(3, 'Gastrointestinal Issues'),
(4, 'Respiratory Infection'),
(5, 'Broken Limb'),
(6, 'Allergic Reaction'),
(7, 'Dehydration'),
(8, 'Malnutrition'),
(9, 'Parasite Infestation'),
(10, 'Heart Murmur'),
(11, 'Kidney Disease'),
(12, 'Eye Infection'),
(13, 'Foot and Mouth Disease'),
(14, 'Stress'),
(15, 'Behavioral Issues'),
(16, 'Pneumonia'),
(17, 'Fracture'),
(18, 'Fungal Infection'),
(19, 'Anemia'),
(20, 'Tooth Decay'),
(21, 'Influenza'),
(22, 'Heat Stroke'),
(23, 'Hypothermia'),
(24, 'Hypertension'),
(25, 'Diabetes'),
(26, 'Obesity'),
(27, 'Lameness'),
(28, 'Ear Mites'),
(29, 'Fever'),
(30, 'Muscle Atrophy');

-- --------------------------------------------------------

--
-- Table structure for table `health_records`
--

CREATE TABLE `health_records` (
  `Record_ID` int(11) NOT NULL,
  `Date` date NOT NULL,
  `Description` text NOT NULL,
  `Diagnosis_ID` int(11) NOT NULL,
  `Treatment_ID` int(11) NOT NULL,
  `Animal_ID` int(11) NOT NULL,
  `Keeper_ID` int(11) NOT NULL,
  `Veterinarian_ID` int(11) NOT NULL
) ENGINE=InnoDB DEFAULT CHARSET=utf8mb4 COLLATE=utf8mb4_general_ci;

--
-- Dumping data for table `health_records`
--

INSERT INTO `health_records` (`Record_ID`, `Date`, `Description`, `Diagnosis_ID`, `Treatment_ID`, `Animal_ID`, `Keeper_ID`, `Veterinarian_ID`) VALUES
(1, '2024-01-05', 'Arthritis treatment started for Dumbo.', 1, 3, 6, 5, 1),
(2, '2024-01-06', 'Skin infection treated for Mumble.', 2, 4, 8, 2, 2),
(3, '2024-01-07', 'Gastrointestinal issues addressed for Simba.', 3, 5, 1, 1, 1),
(4, '2024-01-08', 'Respiratory infection treated for Baloo.', 4, 1, 19, 4, 3),
(5, '2024-01-09', 'Broken limb surgery for Bruce.', 5, 2, 35, 5, 2),
(6, '2024-01-10', 'Topical ointment applied to Yuki.', 2, 4, 26, 3, 2),
(7, '2024-01-11', 'Physical therapy for Scar after minor injury.', 1, 3, 36, 1, 1);

-- --------------------------------------------------------

--
-- Table structure for table `health_treatments`
--

CREATE TABLE `health_treatments` (
  `Treatment_ID` int(11) NOT NULL,
  `Treatment_Name` varchar(100) NOT NULL
) ENGINE=InnoDB DEFAULT CHARSET=utf8mb4 COLLATE=utf8mb4_general_ci;

--
-- Dumping data for table `health_treatments`
--

INSERT INTO `health_treatments` (`Treatment_ID`, `Treatment_Name`) VALUES
(1, 'Pain Relief Medication'),
(2, 'Topical Antifungal Cream'),
(3, 'Antibiotic Course'),
(4, 'Antihistamine Treatment'),
(5, 'Hydration Therapy'),
(6, 'Dietary Supplements'),
(7, 'Deworming Treatment'),
(8, 'Cardiac Monitoring'),
(9, 'Kidney Support Therapy'),
(10, 'Ocular Antibiotics'),
(11, 'Vaccination'),
(12, 'Behavioral Therapy'),
(13, 'Fluid Replacement Therapy'),
(14, 'Surgery for Fracture Repair'),
(15, 'Immune Boost Therapy'),
(16, 'Orthopedic Surgery'),
(17, 'Rehabilitation Program'),
(18, 'Eye Surgery'),
(19, 'Blood Transfusion'),
(20, 'Dental Cleaning'),
(21, 'Antiviral Medication'),
(22, 'Cooling Therapy'),
(23, 'Warming Blankets and Heating Pads'),
(24, 'Blood Pressure Medication'),
(25, 'Insulin Injections'),
(26, 'Weight Management Program'),
(27, 'Joint Supplements'),
(28, 'Ear Cleaning and Medications'),
(29, 'Antipyretics'),
(30, 'Physical Therapy');

-- --------------------------------------------------------

--
-- Table structure for table `keepers`
--

CREATE TABLE `keepers` (
  `Keeper_ID` int(11) NOT NULL,
  `Name` varchar(50) NOT NULL,
  `Surname` varchar(50) NOT NULL,
  `Specialization` varchar(50) NOT NULL,
  `Phone` varchar(15) NOT NULL
) ENGINE=InnoDB DEFAULT CHARSET=utf8mb4 COLLATE=utf8mb4_general_ci;

--
-- Dumping data for table `keepers`
--

INSERT INTO `keepers` (`Keeper_ID`, `Name`, `Surname`, `Specialization`, `Phone`) VALUES
(1, 'John', 'Doe', 'Carnivores', '555-1234'),
(2, 'Jane', 'Smith', 'Birds', '555-5678'),
(3, 'Mark', 'Johnson', 'Reptiles', '555-9101'),
(4, 'Emily', 'Davis', 'Primates', '555-1122'),
(5, 'Michael', 'Brown', 'Mammals', '555-3344');

-- --------------------------------------------------------

--
-- Table structure for table `suppliers`
--

CREATE TABLE `suppliers` (
  `Supplier_ID` int(11) NOT NULL,
  `Name` varchar(50) NOT NULL,
  `Address` varchar(100) NOT NULL,
  `Phone` varchar(15) NOT NULL,
  `Email` varchar(50) NOT NULL
) ENGINE=InnoDB DEFAULT CHARSET=utf8mb4 COLLATE=utf8mb4_general_ci;

--
-- Dumping data for table `suppliers`
--

INSERT INTO `suppliers` (`Supplier_ID`, `Name`, `Address`, `Phone`, `Email`) VALUES
(1, 'Wild Foods Inc.', '123 Savannah Lane, Animal City', '555-4545', 'contact@wildfoods.com'),
(2, 'Aqua Supply Co.', '789 Ocean Drive, Sea Town', '555-9876', 'sales@aquasupply.com'),
(3, 'Jungle Supplies Ltd.', '456 Jungle Road, Tropicville', '555-6543', 'info@junglesupplies.com');

-- --------------------------------------------------------

--
-- Table structure for table `veterinarians`
--

CREATE TABLE `veterinarians` (
  `Veterinarian_ID` int(11) NOT NULL,
  `Name` varchar(50) NOT NULL,
  `Surname` varchar(50) NOT NULL,
  `Specialization` varchar(50) NOT NULL,
  `Phone` varchar(15) NOT NULL,
  `Address` varchar(100) NOT NULL
) ENGINE=InnoDB DEFAULT CHARSET=utf8mb4 COLLATE=utf8mb4_general_ci;

--
-- Dumping data for table `veterinarians`
--

INSERT INTO `veterinarians` (`Veterinarian_ID`, `Name`, `Surname`, `Specialization`, `Phone`, `Address`) VALUES
(1, 'Anna', 'White', 'Large Mammals', '555-4455', '101 Zoo Lane, City'),
(2, 'David', 'Black', 'Birds and Reptiles', '555-6677', '202 Jungle St, City'),
(3, 'Sarah', 'Green', 'Primates', '555-7788', '303 Safari Ave, City');

-- --------------------------------------------------------

--
-- Structure for view `animal_enclosure_info`
--
DROP TABLE IF EXISTS `animal_enclosure_info`;

CREATE ALGORITHM=UNDEFINED DEFINER=`root`@`localhost` SQL SECURITY DEFINER VIEW `animal_enclosure_info`  AS SELECT `a`.`Animal_ID` AS `ID`, `a`.`Name` AS `Animal_Name`, `a`.`Species` AS `Species`, `e`.`Name` AS `Name`, `et`.`enclosure_type` AS `enclosure_type` FROM (((`animals` `a` join `enclosure_animals` `ea` on(`a`.`Animal_ID` = `ea`.`Animal_ID`)) join `enclosures` `e` on(`ea`.`Enclosure_ID` = `e`.`Enclosure_ID`)) left join `enclosure_types` `et` on(`e`.`enclosure_type_id` = `et`.`enclosure_type_id`)) ;

-- --------------------------------------------------------

--
-- Structure for view `animal_health_records`
--
DROP TABLE IF EXISTS `animal_health_records`;

CREATE ALGORITHM=UNDEFINED DEFINER=`root`@`localhost` SQL SECURITY DEFINER VIEW `animal_health_records`  AS SELECT `hr`.`Record_ID` AS `Record_ID`, `hr`.`Date` AS `Record_Date`, `hr`.`Description` AS `Record_Description`, `a`.`Name` AS `Animal_Name`, `d`.`Diagnosis_Name` AS `Diagnosis`, `t`.`Treatment_Name` AS `Treatment`, `v`.`Name` AS `Veterinarian_Name`, `v`.`Surname` AS `Veterinarian_Surname` FROM ((((`health_records` `hr` join `animals` `a` on(`hr`.`Animal_ID` = `a`.`Animal_ID`)) join `health_diagnoses` `d` on(`hr`.`Diagnosis_ID` = `d`.`Diagnosis_ID`)) join `health_treatments` `t` on(`hr`.`Treatment_ID` = `t`.`Treatment_ID`)) join `veterinarians` `v` on(`hr`.`Veterinarian_ID` = `v`.`Veterinarian_ID`)) ORDER BY `a`.`Name` ASC ;

-- --------------------------------------------------------

--
-- Structure for view `animal_health_records2`
--
DROP TABLE IF EXISTS `animal_health_records2`;

CREATE ALGORITHM=UNDEFINED DEFINER=`root`@`localhost` SQL SECURITY DEFINER VIEW `animal_health_records2`  AS SELECT `hr`.`Date` AS `Record_Date`, `hr`.`Description` AS `Record_Description`, `a`.`Name` AS `Animal_Name`, coalesce(`d`.`Diagnosis_Name`,'No Diagnosis') AS `Diagnosis`, coalesce(`t`.`Treatment_Name`,'No Treatment') AS `Treatment`, concat(`v`.`Name`,' ',`v`.`Surname`) AS `Veterinarian` FROM ((((`health_records` `hr` join `animals` `a` on(`hr`.`Animal_ID` = `a`.`Animal_ID`)) left join `health_diagnoses` `d` on(`hr`.`Diagnosis_ID` = `d`.`Diagnosis_ID`)) left join `health_treatments` `t` on(`hr`.`Treatment_ID` = `t`.`Treatment_ID`)) join `veterinarians` `v` on(`hr`.`Veterinarian_ID` = `v`.`Veterinarian_ID`)) ;

--
-- Indexes for dumped tables
--

--
-- Indexes for table `animals`
--
ALTER TABLE `animals`
  ADD PRIMARY KEY (`Animal_ID`),
  ADD UNIQUE KEY `idx_animals_name` (`Name`);

--
-- Indexes for table `animal_update_log`
--
ALTER TABLE `animal_update_log`
  ADD PRIMARY KEY (`Log_ID`);

--
-- Indexes for table `enclosures`
--
ALTER TABLE `enclosures`
  ADD PRIMARY KEY (`Enclosure_ID`),
  ADD KEY `fk_enclosure_size` (`enclosure_size_id`),
  ADD KEY `fk_enclosure_type` (`enclosure_type_id`);

--
-- Indexes for table `enclosure_animals`
--
ALTER TABLE `enclosure_animals`
  ADD PRIMARY KEY (`Enclosure_Animal_ID`),
  ADD KEY `fk_enclosure_animals_enclosures` (`Enclosure_ID`),
  ADD KEY `fk_enclosure_animals_animals` (`Animal_ID`);

--
-- Indexes for table `enclosure_sizes`
--
ALTER TABLE `enclosure_sizes`
  ADD PRIMARY KEY (`enclosure_size_id`);

--
-- Indexes for table `enclosure_types`
--
ALTER TABLE `enclosure_types`
  ADD PRIMARY KEY (`enclosure_type_id`);

--
-- Indexes for table `events`
--
ALTER TABLE `events`
  ADD PRIMARY KEY (`Event_ID`),
  ADD KEY `fk_event_animal` (`Animal_ID`),
  ADD KEY `fk_event_keeper` (`Keeper_ID`);

--
-- Indexes for table `feeding`
--
ALTER TABLE `feeding`
  ADD PRIMARY KEY (`Feeding_ID`),
  ADD KEY `fk_feeding_animals` (`Animal_ID`),
  ADD KEY `fk_feeding_keepers` (`Keeper_ID`),
  ADD KEY `fk_feeding_suppliers` (`Supplier_ID`),
  ADD KEY `fk_feeding_types` (`Feeding_Type_ID`);

--
-- Indexes for table `feeding_types`
--
ALTER TABLE `feeding_types`
  ADD PRIMARY KEY (`Feeding_Type_ID`);

--
-- Indexes for table `health_diagnoses`
--
ALTER TABLE `health_diagnoses`
  ADD PRIMARY KEY (`Diagnosis_ID`);

--
-- Indexes for table `health_records`
--
ALTER TABLE `health_records`
  ADD PRIMARY KEY (`Record_ID`),
  ADD KEY `fk_health_records_animals` (`Animal_ID`),
  ADD KEY `fk_health_records_keepers` (`Keeper_ID`),
  ADD KEY `fk_health_records_veterinarians` (`Veterinarian_ID`),
  ADD KEY `fk_health_records_diagnoses` (`Diagnosis_ID`),
  ADD KEY `fk_health_records_treatments` (`Treatment_ID`);
ALTER TABLE `health_records` ADD FULLTEXT KEY `idx_health_records_description` (`Description`);

--
-- Indexes for table `health_treatments`
--
ALTER TABLE `health_treatments`
  ADD PRIMARY KEY (`Treatment_ID`);

--
-- Indexes for table `keepers`
--
ALTER TABLE `keepers`
  ADD PRIMARY KEY (`Keeper_ID`);

--
-- Indexes for table `suppliers`
--
ALTER TABLE `suppliers`
  ADD PRIMARY KEY (`Supplier_ID`);

--
-- Indexes for table `veterinarians`
--
ALTER TABLE `veterinarians`
  ADD PRIMARY KEY (`Veterinarian_ID`);

--
-- AUTO_INCREMENT for dumped tables
--

--
-- AUTO_INCREMENT for table `animals`
--
ALTER TABLE `animals`
  MODIFY `Animal_ID` int(11) NOT NULL AUTO_INCREMENT, AUTO_INCREMENT=60;

--
-- AUTO_INCREMENT for table `animal_update_log`
--
ALTER TABLE `animal_update_log`
  MODIFY `Log_ID` int(11) NOT NULL AUTO_INCREMENT, AUTO_INCREMENT=2994;

--
-- AUTO_INCREMENT for table `enclosures`
--
ALTER TABLE `enclosures`
  MODIFY `Enclosure_ID` int(11) NOT NULL AUTO_INCREMENT, AUTO_INCREMENT=7;

--
-- AUTO_INCREMENT for table `enclosure_animals`
--
ALTER TABLE `enclosure_animals`
  MODIFY `Enclosure_Animal_ID` int(11) NOT NULL AUTO_INCREMENT, AUTO_INCREMENT=39;

--
-- AUTO_INCREMENT for table `enclosure_sizes`
--
ALTER TABLE `enclosure_sizes`
  MODIFY `enclosure_size_id` int(11) NOT NULL AUTO_INCREMENT, AUTO_INCREMENT=5;

--
-- AUTO_INCREMENT for table `enclosure_types`
--
ALTER TABLE `enclosure_types`
  MODIFY `enclosure_type_id` int(11) NOT NULL AUTO_INCREMENT, AUTO_INCREMENT=7;

--
-- AUTO_INCREMENT for table `events`
--
ALTER TABLE `events`
  MODIFY `Event_ID` int(11) NOT NULL AUTO_INCREMENT, AUTO_INCREMENT=139;

--
-- AUTO_INCREMENT for table `feeding`
--
ALTER TABLE `feeding`
  MODIFY `Feeding_ID` int(11) NOT NULL AUTO_INCREMENT, AUTO_INCREMENT=21;

--
-- AUTO_INCREMENT for table `feeding_types`
--
ALTER TABLE `feeding_types`
  MODIFY `Feeding_Type_ID` int(11) NOT NULL AUTO_INCREMENT, AUTO_INCREMENT=5;

--
-- AUTO_INCREMENT for table `health_diagnoses`
--
ALTER TABLE `health_diagnoses`
  MODIFY `Diagnosis_ID` int(11) NOT NULL AUTO_INCREMENT, AUTO_INCREMENT=31;

--
-- AUTO_INCREMENT for table `health_records`
--
ALTER TABLE `health_records`
  MODIFY `Record_ID` int(11) NOT NULL AUTO_INCREMENT, AUTO_INCREMENT=8;

--
-- AUTO_INCREMENT for table `health_treatments`
--
ALTER TABLE `health_treatments`
  MODIFY `Treatment_ID` int(11) NOT NULL AUTO_INCREMENT, AUTO_INCREMENT=31;

--
-- AUTO_INCREMENT for table `keepers`
--
ALTER TABLE `keepers`
  MODIFY `Keeper_ID` int(11) NOT NULL AUTO_INCREMENT, AUTO_INCREMENT=6;

--
-- AUTO_INCREMENT for table `suppliers`
--
ALTER TABLE `suppliers`
  MODIFY `Supplier_ID` int(11) NOT NULL AUTO_INCREMENT, AUTO_INCREMENT=4;

--
-- AUTO_INCREMENT for table `veterinarians`
--
ALTER TABLE `veterinarians`
  MODIFY `Veterinarian_ID` int(11) NOT NULL AUTO_INCREMENT, AUTO_INCREMENT=4;

--
-- Constraints for dumped tables
--

--
-- Constraints for table `enclosures`
--
ALTER TABLE `enclosures`
  ADD CONSTRAINT `fk_enclosure_size` FOREIGN KEY (`enclosure_size_id`) REFERENCES `enclosure_sizes` (`enclosure_size_id`) ON DELETE SET NULL ON UPDATE CASCADE,
  ADD CONSTRAINT `fk_enclosure_type` FOREIGN KEY (`enclosure_type_id`) REFERENCES `enclosure_types` (`enclosure_type_id`) ON DELETE SET NULL ON UPDATE CASCADE;

--
-- Constraints for table `enclosure_animals`
--
ALTER TABLE `enclosure_animals`
  ADD CONSTRAINT `fk_enclosure_animals_animals` FOREIGN KEY (`Animal_ID`) REFERENCES `animals` (`Animal_ID`),
  ADD CONSTRAINT `fk_enclosure_animals_enclosures` FOREIGN KEY (`Enclosure_ID`) REFERENCES `enclosures` (`Enclosure_ID`);

--
-- Constraints for table `events`
--
ALTER TABLE `events`
  ADD CONSTRAINT `fk_event_animal` FOREIGN KEY (`Animal_ID`) REFERENCES `animals` (`Animal_ID`),
  ADD CONSTRAINT `fk_event_keeper` FOREIGN KEY (`Keeper_ID`) REFERENCES `keepers` (`Keeper_ID`);

--
-- Constraints for table `feeding`
--
ALTER TABLE `feeding`
  ADD CONSTRAINT `fk_feeding_animals` FOREIGN KEY (`Animal_ID`) REFERENCES `animals` (`Animal_ID`),
  ADD CONSTRAINT `fk_feeding_keepers` FOREIGN KEY (`Keeper_ID`) REFERENCES `keepers` (`Keeper_ID`),
  ADD CONSTRAINT `fk_feeding_suppliers` FOREIGN KEY (`Supplier_ID`) REFERENCES `suppliers` (`Supplier_ID`),
  ADD CONSTRAINT `fk_feeding_types` FOREIGN KEY (`Feeding_Type_ID`) REFERENCES `feeding_types` (`Feeding_Type_ID`);

--
-- Constraints for table `health_records`
--
ALTER TABLE `health_records`
  ADD CONSTRAINT `fk_health_records_animals` FOREIGN KEY (`Animal_ID`) REFERENCES `animals` (`Animal_ID`),
  ADD CONSTRAINT `fk_health_records_diagnoses` FOREIGN KEY (`Diagnosis_ID`) REFERENCES `health_diagnoses` (`Diagnosis_ID`),
  ADD CONSTRAINT `fk_health_records_keepers` FOREIGN KEY (`Keeper_ID`) REFERENCES `keepers` (`Keeper_ID`),
  ADD CONSTRAINT `fk_health_records_treatments` FOREIGN KEY (`Treatment_ID`) REFERENCES `health_treatments` (`Treatment_ID`),
  ADD CONSTRAINT `fk_health_records_veterinarians` FOREIGN KEY (`Veterinarian_ID`) REFERENCES `veterinarians` (`Veterinarian_ID`);
COMMIT;

/*!40101 SET CHARACTER_SET_CLIENT=@OLD_CHARACTER_SET_CLIENT */;
/*!40101 SET CHARACTER_SET_RESULTS=@OLD_CHARACTER_SET_RESULTS */;
/*!40101 SET COLLATION_CONNECTION=@OLD_COLLATION_CONNECTION */;
